person_id,source_position_id,page_number,comments_before,comments_after,reason
P000044,1-01-008-0044,29,338,,pure_numeric_comment
P000151,1-02-002-0056,36,212,,pure_numeric_comment
P000152,1-02-002-0057,37,211,,pure_numeric_comment
P000153,1-02-002-0058,37,210,,pure_numeric_comment
P000174,1-02-005-0079,38,209,,pure_numeric_comment
P000175,1-02-005-0080,38,208,,pure_numeric_comment
P000176,1-02-005-0081,38,201,,pure_numeric_comment
P000205,1-02-009-0110,39,206,,pure_numeric_comment
P000208,1-02-010-0113,40,205,,pure_numeric_comment
P000215,1-02-012-0120,40,204,,pure_numeric_comment
P000258,1-02-022-0163,43,203,,pure_numeric_comment
P000259,1-02-022-0164,43,202,,pure_numeric_comment
P000260,1-02-022-0165,43,201,,pure_numeric_comment
P000279,1-02-026-0184,44,199,,pure_numeric_comment
P000312,1-02-034-0217,46,198,,pure_numeric_comment
P000327,1-02-036-0232,47,197,,pure_numeric_comment
P000333,1-02-037-0238,47,196,,pure_numeric_comment
P000335,1-02-038-0240,47,195,,pure_numeric_comment
P000349,1-02-040-0254,48,194,,pure_numeric_comment
P000364,1-02-044-0269,49,191,,pure_numeric_comment
P000365,1-02-044-0270,49,193,,pure_numeric_comment
P000366,1-02-044-0271,49,192,,pure_numeric_comment
P000383,1-02-048-0288,50,190,,pure_numeric_comment
P000386,1-02-049-0291,50,189,,pure_numeric_comment
P000387,1-02-049-0292,50,188,,pure_numeric_comment
P000390,1-02-050-0295,50,186,,pure_numeric_comment
P000395,1-02-051-0300,51,185,,pure_numeric_comment
P000396,1-02-051-0301,51,184,,pure_numeric_comment
P000397,1-02-051-0302,51,183,,pure_numeric_comment
P000398,1-02-051-0303,51,182,,pure_numeric_comment
P000407,1-02-052-0312,51,181,,pure_numeric_comment
P000408,1-02-052-0313,51,180,,pure_numeric_comment
P000471,1-02-064-0376,55,179,,pure_numeric_comment
P000489,1-02-068-0394,56,178,,pure_numeric_comment
P000490,1-02-068-0395,56,177,,pure_numeric_comment
P000491,1-02-068-0396,56,176,,pure_numeric_comment
P000521,1-02-076-0426,58,175,,pure_numeric_comment
P000522,1-02-076-0427,58,174,,pure_numeric_comment
P000523,1-02-076-0428,58,173,,pure_numeric_comment
P000557,1-02-085-0462,61,172,,pure_numeric_comment
P000564,1-02-087-0469,61,31,,pure_numeric_comment
P000565,1-02-087-0470,61,42,,pure_numeric_comment
P000566,1-02-087-0471,61,53,,pure_numeric_comment
P000590,1-02-092-0495,63,169,,pure_numeric_comment
P000593,1-02-092-0498,63,170,,pure_numeric_comment
P000594,1-02-092-0499,63,171,,pure_numeric_comment
P000665,1-02-118-0570,67,167,,pure_numeric_comment
P000666,1-02-118-0571,67,168,,pure_numeric_comment
P000723,1-02-147-0628,71,165,,pure_numeric_comment
P000724,1-02-147-0629,71,166,,pure_numeric_comment
P000737,1-02-150-0642,72,164,,pure_numeric_comment
P000775,1-02-159-0680,74,163,,pure_numeric_comment
P000781,1-02-160-0686,74,162,,pure_numeric_comment
P000806,1-02-165-0711,76,189,,pure_numeric_comment
P000807,1-02-165-0712,76,168,,pure_numeric_comment
P000871,1-02-178-0776,80,158,,pure_numeric_comment
P000907,1-02-186-0812,82,155,,pure_numeric_comment
P000908,1-02-186-0813,82,156,,pure_numeric_comment
P000920,1-02-189-0825,83,154,,pure_numeric_comment
P000921,1-02-189-0826,83,153,,pure_numeric_comment
P000928,1-02-191-0833,84,150,,pure_numeric_comment
P000930,1-02-191-0835,84,151,,pure_numeric_comment
P000931,1-02-191-0836,84,152,,pure_numeric_comment
P000995,1-02-201-0900,88,149,,pure_numeric_comment
P001005,1-02-204-0910,88,148,,pure_numeric_comment
P001021,1-02-208-0926,89,147,,pure_numeric_comment
P001026,1-02-209-0931,90,146,,pure_numeric_comment
P001029,1-02-210-0934,90,145,,pure_numeric_comment
P001091,1-02-224-0996,93,143,,pure_numeric_comment
P001092,1-02-224-0997,93,144,,pure_numeric_comment
P001093,1-02-224-0998,93,5,,pure_numeric_comment
P001129,1-02-229-1034,96,141,,pure_numeric_comment
P001146,1-02-231-1051,97,140,,pure_numeric_comment
P001190,1-02-240-1095,99,139,,pure_numeric_comment
P001207,1-02-244-1112,100,137,,pure_numeric_comment
P001279,1-02-266-1184,105,136,,pure_numeric_comment
P001345,1-02-284-1250,109,135,,pure_numeric_comment
P001350,1-02-291-1255,109,2,,pure_numeric_comment
P001373,1-02-301-1278,111,134,,pure_numeric_comment
P001374,1-02-301-1279,111,133,,pure_numeric_comment
P001378,1-02-302-1283,111,131,,pure_numeric_comment
P001379,1-02-302-1284,111,2,,pure_numeric_comment
P001380,1-02-302-1285,111,129,,pure_numeric_comment
P001381,1-02-302-1286,111,128,,pure_numeric_comment
P001400,1-02-307-1305,112,127,,pure_numeric_comment
P001458,1-03-005-0025,116,504,,pure_numeric_comment
P001478,1-03-012-0045,117,502,,pure_numeric_comment
P001479,1-03-012-0046,117,501,,pure_numeric_comment
P001480,1-03-012-0047,117,500,,pure_numeric_comment
P001498,1-03-015-0065,118,497,,pure_numeric_comment
P001499,1-03-015-0066,118,496,,pure_numeric_comment
P001500,1-03-015-0067,118,495,,pure_numeric_comment
P001517,1-03-022-0084,119,494,,pure_numeric_comment
P001535,1-03-027-0102,120,493,,pure_numeric_comment
P001536,1-03-027-0103,120,492,,pure_numeric_comment
P001537,1-03-027-0104,121,491,,pure_numeric_comment
P001544,1-03-028-0111,121,490,,pure_numeric_comment
P001567,1-03-033-0134,123,489,,pure_numeric_comment
P001624,1-03-044-0191,126,488,,pure_numeric_comment
P001639,1-03-047-0206,127,487,,pure_numeric_comment
P001640,1-03-047-0207,127,486,,pure_numeric_comment
P001641,1-03-047-0208,127,485,,pure_numeric_comment
P001642,1-03-047-0209,127,484,,pure_numeric_comment
P001657,1-03-049-0224,128,483,,pure_numeric_comment
P001670,1-03-052-0237,129,482,,pure_numeric_comment
P001731,1-04-008-0038,133,432,,pure_numeric_comment
P001732,1-04-008-0039,133,433,,pure_numeric_comment
P001733,1-04-008-0040,133,434,,pure_numeric_comment
P001780,1-04-024-0087,136,435,,pure_numeric_comment
P001781,1-04-024-0088,136,436,,pure_numeric_comment
P001827,1-04-039-0134,139,437,,pure_numeric_comment
P001828,1-04-039-0135,139,438,,pure_numeric_comment
P001874,1-04-058-0181,142,387,,pure_numeric_comment
P001888,1-04-061-0195,143,1,,pure_numeric_comment
P001889,1-04-061-0196,143,389,,pure_numeric_comment
P001894,1-04-063-0201,143,390,,pure_numeric_comment
P001895,1-04-063-0202,143,391,,pure_numeric_comment
P001901,1-04-065-0208,144,392,,pure_numeric_comment
P001902,1-04-065-0209,144,393,,pure_numeric_comment
P001903,1-04-065-0210,144,394,,pure_numeric_comment
P001904,1-04-065-0211,144,395,,pure_numeric_comment
P001925,1-04-071-0232,145,396,,pure_numeric_comment
P001926,1-04-071-0233,145,397,,pure_numeric_comment
P001938,1-04-076-0245,146,398,,pure_numeric_comment
P001958,1-04-082-0265,147,399,,pure_numeric_comment
P001968,1-04-085-0275,147,400,,pure_numeric_comment
P001969,1-04-085-0276,147,401,,pure_numeric_comment
P001970,1-04-085-0277,147,402,,pure_numeric_comment
P001971,1-04-085-0278,148,403,,pure_numeric_comment
P001982,1-04-087-0289,148,404,,pure_numeric_comment
P001993,1-04-091-0300,149,405,,pure_numeric_comment
P001994,1-04-091-0301,149,406,,pure_numeric_comment
P001995,1-04-091-0302,149,407,,pure_numeric_comment
P002032,1-04-105-0339,151,488,,pure_numeric_comment
P002035,1-04-106-0342,151,409,,pure_numeric_comment
P002036,1-04-106-0343,151,410,,pure_numeric_comment
P002037,1-04-106-0344,151,411,,pure_numeric_comment
P002053,1-04-111-0360,152,412,,pure_numeric_comment
P002054,1-04-111-0361,153,413,,pure_numeric_comment
P002084,1-04-121-0391,154,414,,pure_numeric_comment
P002125,1-04-000-0432,157,415,,pure_numeric_comment
P002126,1-04-000-0433,157,416,,pure_numeric_comment
P002127,1-04-000-0434,157,417,,pure_numeric_comment
P002128,1-04-000-0435,157,418,,pure_numeric_comment
P002140,1-05-001-0001,158,8,,pure_numeric_comment
P002141,1-05-002-0002,158,9,,pure_numeric_comment
P002142,1-05-003-0003,158,10,,pure_numeric_comment
P002143,1-05-004-0004,158,11,,pure_numeric_comment
P002145,1-05-005-0006,158,1,,pure_numeric_comment
P002147,1-05-006-0008,158,15,,pure_numeric_comment
P002148,1-05-007-0009,158,16,,pure_numeric_comment
P002149,1-05-007-0010,159,17,,pure_numeric_comment
P002150,1-05-008-0011,159,18,,pure_numeric_comment
P002151,1-05-009-0012,159,19,,pure_numeric_comment
P002152,1-05-009-0013,159,20,,pure_numeric_comment
P002153,1-05-010-0014,159,21,,pure_numeric_comment
P002154,1-05-011-0015,159,22,,pure_numeric_comment
P002155,1-05-011-0016,159,23,,pure_numeric_comment
P002156,1-05-012-0017,159,24,,pure_numeric_comment
P002157,1-05-012-0018,159,25,,pure_numeric_comment
P002158,1-05-013-0019,159,26,,pure_numeric_comment
P002159,1-05-013-0020,159,27,,pure_numeric_comment
P002160,1-05-014-0021,159,28,,pure_numeric_comment
P002161,1-05-015-0022,159,29,,pure_numeric_comment
P002162,1-05-016-0023,159,30,,pure_numeric_comment
P002163,1-05-017-0024,159,31,,pure_numeric_comment
P002164,1-05-017-0025,159,32,,pure_numeric_comment
P002165,1-05-018-0026,160,33,,pure_numeric_comment
P002166,1-05-019-0027,160,34,,pure_numeric_comment
P002167,1-05-019-0028,160,35,,pure_numeric_comment
P002168,1-05-020-0029,160,36,,pure_numeric_comment
P002169,1-05-020-0030,160,37,,pure_numeric_comment
P002170,1-05-021-0031,160,38,,pure_numeric_comment
P002171,1-05-022-0032,160,39,,pure_numeric_comment
P002172,1-05-023-0033,160,40,,pure_numeric_comment
P002173,1-05-024-0034,160,41,,pure_numeric_comment
P002174,1-05-025-0035,160,42,,pure_numeric_comment
P002175,1-05-026-0036,160,43,,pure_numeric_comment
P002176,1-05-026-0037,160,44,,pure_numeric_comment
P002177,1-05-026-0038,160,45,,pure_numeric_comment
P002178,1-05-027-0039,160,46,,pure_numeric_comment
P002179,1-05-028-0040,160,47,,pure_numeric_comment
P002180,1-05-029-0041,161,48,,pure_numeric_comment
P002181,1-05-030-0042,161,49,,pure_numeric_comment
P002182,1-05-030-0043,161,50,,pure_numeric_comment
P002184,1-05-031-0045,161,52,,pure_numeric_comment
P002186,1-05-031-0047,161,53,,pure_numeric_comment
P002187,1-05-032-0048,161,55,,pure_numeric_comment
P002188,1-05-033-0049,161,56,,pure_numeric_comment
P002189,1-05-033-0050,161,57,,pure_numeric_comment
P002190,1-05-034-0051,161,58,,pure_numeric_comment
P002191,1-05-034-0052,161,59,,pure_numeric_comment
P002194,1-05-035-0055,161,62,,pure_numeric_comment
P002195,1-05-035-0056,161,63,,pure_numeric_comment
P002197,1-05-036-0058,162,65,,pure_numeric_comment
P002198,1-05-037-0059,162,66,,pure_numeric_comment
P002199,1-05-038-0060,162,67,,pure_numeric_comment
P002200,1-05-039-0061,162,68,,pure_numeric_comment
P002201,1-05-039-0062,162,69,,pure_numeric_comment
P002202,1-05-040-0063,162,70,,pure_numeric_comment
P002203,1-05-041-0064,162,71,,pure_numeric_comment
P002204,1-05-041-0065,162,72,,pure_numeric_comment
P002205,1-05-042-0066,162,73,,pure_numeric_comment
P002206,1-05-042-0067,162,74,,pure_numeric_comment
P002207,1-05-043-0068,162,75,,pure_numeric_comment
P002208,1-05-044-0069,162,76,,pure_numeric_comment
P002209,1-05-044-0070,162,77,,pure_numeric_comment
P002211,1-05-045-0072,162,79,,pure_numeric_comment
P002212,1-05-046-0073,162,80,,pure_numeric_comment
P002213,1-05-047-0074,162,81,,pure_numeric_comment
P002214,1-05-047-0075,162,82,,pure_numeric_comment
P002216,1-05-048-0077,163,84,,pure_numeric_comment
P002217,1-05-049-0078,163,85,,pure_numeric_comment
P002218,1-05-049-0079,163,86,,pure_numeric_comment
P002221,1-05-050-0082,163,89,,pure_numeric_comment
P002222,1-05-050-0083,163,90,,pure_numeric_comment
P002223,1-05-000-0084,163,1,,pure_numeric_comment
P002226,1-05-000-0087,163,2,,pure_numeric_comment
P002230,1-06-001-0001,164,1,,pure_numeric_comment
P002231,1-06-002-0002,164,2,,pure_numeric_comment
P002232,1-06-003-0003,164,3,,pure_numeric_comment
P002233,1-06-004-0004,164,4,,pure_numeric_comment
P002234,1-06-005-0005,164,5,,pure_numeric_comment
P002235,1-06-005-0006,164,6,,pure_numeric_comment
P002236,1-06-005-0007,164,7,,pure_numeric_comment
P002237,1-06-006-0008,164,11,,pure_numeric_comment
P002238,1-06-007-0009,164,12,,pure_numeric_comment
P002239,1-06-007-0010,164,13,,pure_numeric_comment
P002240,1-06-007-0011,164,16,,pure_numeric_comment
P002241,1-06-007-0012,164,17,,pure_numeric_comment
P002242,1-06-008-0013,164,18,,pure_numeric_comment
P002244,1-06-015-0015,164,27,,pure_numeric_comment
P002245,1-06-016-0016,164,28,,pure_numeric_comment
P002246,1-06-017-0017,164,29,,pure_numeric_comment
P002247,1-06-018-0018,164,30,,pure_numeric_comment
P002248,1-06-019-0019,165,31,,pure_numeric_comment
P002249,1-06-020-0020,165,32,,pure_numeric_comment
P002250,1-06-020-0021,165,33,,pure_numeric_comment
P002252,1-06-021-0023,165,35,,pure_numeric_comment
P002253,1-06-021-0024,165,3,,pure_numeric_comment
P002261,1-08-001-0004,166,4,,pure_numeric_comment
P002262,1-08-001-0005,166,6,,pure_numeric_comment
P002284,1-08-007-0027,167,17,,pure_numeric_comment
P002285,1-08-007-0028,167,427,,pure_numeric_comment
P002295,1-08-011-0038,168,428,,pure_numeric_comment
P002296,1-08-011-0039,168,429,,pure_numeric_comment
P002297,1-08-011-0040,168,430,,pure_numeric_comment
P002298,1-08-011-0041,168,431,,pure_numeric_comment
P002342,1-08-023-0085,171,16,,pure_numeric_comment
P002343,1-08-023-0086,171,383,,pure_numeric_comment
P002344,1-08-023-0087,172,3,,pure_numeric_comment
P002442,1-09-051-0081,178,385,,pure_numeric_comment
P002443,1-09-051-0082,178,386,,pure_numeric_comment
P002461,1-11-054-0003,179,419,,pure_numeric_comment
P002489,1-11-062-0031,181,6,,pure_numeric_comment
P002490,1-11-062-0032,181,7,,pure_numeric_comment
P002491,1-11-062-0033,181,9,,pure_numeric_comment
P002513,1-12-007-0020,182,352,,pure_numeric_comment
P002557,1-14-025-0014,184,353,,pure_numeric_comment
P002567,1-14-030-0024,185,354,,pure_numeric_comment
P002568,1-14-030-0025,185,355,,pure_numeric_comment
P002569,1-14-030-0026,185,356,,pure_numeric_comment
P002591,1-16-041-0011,186,4,,pure_numeric_comment
P002604,1-17-048-0007,186,12,,pure_numeric_comment
P002616,1-18-002-0006,187,358,,pure_numeric_comment
P002626,1-18-004-0016,188,359,,pure_numeric_comment
P002633,1-18-006-0023,188,360,,pure_numeric_comment
P002634,1-18-006-0024,188,361,,pure_numeric_comment
P002652,1-18-011-0042,189,362,,pure_numeric_comment
P002659,1-18-012-0049,190,363,,pure_numeric_comment
P002660,1-18-012-0050,190,364,,pure_numeric_comment
P002662,1-18-012-0052,190,365,,pure_numeric_comment
P002709,1-18-026-0099,193,366,,pure_numeric_comment
P002722,1-18-030-0112,194,367,,pure_numeric_comment
P002723,1-18-030-0113,194,368,,pure_numeric_comment
P002734,1-18-032-0124,194,369,,pure_numeric_comment
P002740,1-18-034-0130,195,370,,pure_numeric_comment
P002880,1-18-000-0270,203,357,,pure_numeric_comment
P002887,2-19-002-0003,223,3,,pure_numeric_comment
P002888,2-19-002-0004,223,4,,pure_numeric_comment
P002889,2-19-003-0005,223,5,,pure_numeric_comment
P002890,2-19-003-0006,223,6,,pure_numeric_comment
P002891,2-19-004-0007,223,7,,pure_numeric_comment
P002892,2-19-004-0008,223,8,,pure_numeric_comment
P002893,2-19-005-0009,223,9,,pure_numeric_comment
P002894,2-19-005-0010,223,10,,pure_numeric_comment
P002895,2-19-006-0011,223,11,,pure_numeric_comment
P002896,2-19-006-0012,223,12,,pure_numeric_comment
P002897,2-19-006-0013,223,13,,pure_numeric_comment
P002898,2-19-007-0014,224,14,,pure_numeric_comment
P002899,2-19-009-0015,224,15,,pure_numeric_comment
P002900,2-19-009-0016,224,16,,pure_numeric_comment
P002901,2-19-010-0017,224,17,,pure_numeric_comment
P002902,2-19-010-0018,224,18,,pure_numeric_comment
P002903,2-19-010-0019,224,19,,pure_numeric_comment
P002904,2-19-010-0020,224,1,,pure_numeric_comment
P002905,2-19-010-0021,224,21,,pure_numeric_comment
P002906,2-19-010-0022,224,22,,pure_numeric_comment
P002907,2-19-011-0023,224,23,,pure_numeric_comment
P002908,2-19-011-0024,224,24,,pure_numeric_comment
P002910,2-19-011-0026,224,2,,pure_numeric_comment
P002911,2-19-011-0027,224,27,,pure_numeric_comment
P002913,2-19-012-0029,224,29,,pure_numeric_comment
P002914,2-19-012-0030,225,30,,pure_numeric_comment
P002917,2-19-012-0033,225,32,,pure_numeric_comment
P002918,2-19-013-0034,225,35,,pure_numeric_comment
P002920,2-19-013-0036,225,37,,pure_numeric_comment
P002921,2-19-014-0037,225,38,,pure_numeric_comment
P002924,2-19-016-0040,225,41,,pure_numeric_comment
P002925,2-19-016-0041,225,42,,pure_numeric_comment
P002926,2-19-016-0042,225,43,,pure_numeric_comment
P002927,2-19-016-0043,225,44,,pure_numeric_comment
P002928,2-19-017-0044,225,45,,pure_numeric_comment
P002929,2-19-017-0045,225,46,,pure_numeric_comment
P002930,2-19-018-0046,225,47,,pure_numeric_comment
P002931,2-19-018-0047,226,48,,pure_numeric_comment
P002932,2-19-019-0048,226,51,,pure_numeric_comment
P002933,2-19-019-0049,226,52,,pure_numeric_comment
P002934,2-19-020-0050,226,53,,pure_numeric_comment
P002935,2-19-020-0051,226,54,,pure_numeric_comment
P002936,2-19-020-0052,226,55,,pure_numeric_comment
P002937,2-19-020-0053,226,56,,pure_numeric_comment
P002938,2-19-021-0054,226,57,,pure_numeric_comment
P002939,2-19-021-0055,226,58,,pure_numeric_comment
P002940,2-19-022-0056,226,59,,pure_numeric_comment
P002941,2-19-022-0057,226,60,,pure_numeric_comment
P002942,2-19-022-0058,226,61,,pure_numeric_comment
P002943,2-19-023-0059,226,62,,pure_numeric_comment
P002944,2-19-023-0060,226,63,,pure_numeric_comment
P002946,2-19-024-0062,226,65,,pure_numeric_comment
P002948,2-19-025-0064,226,67,,pure_numeric_comment
P002949,2-19-026-0065,227,68,,pure_numeric_comment
P002950,2-19-026-0066,227,69,,pure_numeric_comment
P002951,2-19-027-0067,227,70,,pure_numeric_comment
P002952,2-19-027-0068,227,71,,pure_numeric_comment
P002953,2-19-027-0069,227,72,,pure_numeric_comment
P002954,2-19-027-0070,227,73,,pure_numeric_comment
P002955,2-19-028-0071,227,74,,pure_numeric_comment
P002956,2-19-028-0072,227,75,,pure_numeric_comment
P002957,2-19-029-0073,227,76,,pure_numeric_comment
P002959,2-19-030-0075,227,78,,pure_numeric_comment
P002960,2-19-030-0076,227,79,,pure_numeric_comment
P002961,2-19-031-0077,227,80,,pure_numeric_comment
P002962,2-19-031-0078,227,81,,pure_numeric_comment
P002963,2-19-032-0079,227,82,,pure_numeric_comment
P002964,2-19-032-0080,227,83,,pure_numeric_comment
P002965,2-19-033-0081,227,84,,pure_numeric_comment
P002966,2-19-033-0082,227,85,,pure_numeric_comment
P002968,2-19-034-0084,228,87,,pure_numeric_comment
P002969,2-19-034-0085,228,88,,pure_numeric_comment
P002972,2-19-036-0088,228,91,,pure_numeric_comment
P002973,2-19-036-0089,228,92,,pure_numeric_comment
P002975,2-19-037-0091,228,94,,pure_numeric_comment
P002976,2-19-037-0092,228,95,,pure_numeric_comment
P002977,2-19-038-0093,228,96,,pure_numeric_comment
P002978,2-19-038-0094,228,97,,pure_numeric_comment
P002979,2-19-038-0095,228,98,,pure_numeric_comment
P002981,2-19-039-0097,228,100,,pure_numeric_comment
P002982,2-19-040-0098,228,101,,pure_numeric_comment
P002983,2-19-041-0099,228,102,,pure_numeric_comment
P002985,2-19-042-0101,229,104,,pure_numeric_comment
P002986,2-19-042-0102,229,1,,pure_numeric_comment
P002988,2-19-044-0104,229,107,,pure_numeric_comment
P002990,2-19-045-0106,229,109,,pure_numeric_comment
P002991,2-19-045-0107,229,110,,pure_numeric_comment
P002992,2-19-046-0108,229,111,,pure_numeric_comment
P002993,2-19-046-0109,229,112,,pure_numeric_comment
P002994,2-19-046-0110,229,113,,pure_numeric_comment
P002997,2-19-048-0113,229,116,,pure_numeric_comment
P002998,2-19-048-0114,229,117,,pure_numeric_comment
P002999,2-19-049-0115,229,118,,pure_numeric_comment
P003000,2-19-049-0116,229,119,,pure_numeric_comment
P003001,2-19-049-0117,230,120,,pure_numeric_comment
P003002,2-19-050-0118,230,121,,pure_numeric_comment
P003003,2-19-051-0119,230,122,,pure_numeric_comment
P003004,2-19-051-0120,230,123,,pure_numeric_comment
P003008,2-19-052-0124,230,127,,pure_numeric_comment
P003009,2-19-052-0125,230,128,,pure_numeric_comment
P003010,2-19-053-0126,230,129,,pure_numeric_comment
P003011,2-19-053-0127,230,130,,pure_numeric_comment
P003013,2-19-054-0129,230,132,,pure_numeric_comment
P003015,2-19-055-0131,230,134,,pure_numeric_comment
P003016,2-19-055-0132,230,135,,pure_numeric_comment
P003017,2-19-056-0133,230,136,,pure_numeric_comment
P003018,2-19-056-0134,230,137,,pure_numeric_comment
P003020,2-19-057-0136,231,139,,pure_numeric_comment
P003021,2-19-057-0137,231,140,,pure_numeric_comment
P003023,2-19-057-0139,231,142,,pure_numeric_comment
P003024,2-19-058-0140,231,143,,pure_numeric_comment
P003026,2-19-059-0142,231,145,,pure_numeric_comment
P003027,2-19-060-0143,231,146,,pure_numeric_comment
P003028,2-19-060-0144,231,147,,pure_numeric_comment
P003029,2-19-061-0145,231,148,,pure_numeric_comment
P003030,2-19-062-0146,231,149,,pure_numeric_comment
P003031,2-19-062-0147,231,1,,pure_numeric_comment
P003032,2-19-062-0148,231,151,,pure_numeric_comment
P003033,2-19-063-0149,231,2,,pure_numeric_comment
P003034,2-19-063-0150,231,3,,pure_numeric_comment
P003036,2-19-064-0152,232,1,,pure_numeric_comment
P003037,2-19-064-0153,232,2,,pure_numeric_comment
P003038,2-19-065-0154,232,3,,pure_numeric_comment
P003039,2-19-066-0155,232,4,,pure_numeric_comment
P003040,2-19-067-0156,232,5,,pure_numeric_comment
P003041,2-19-067-0157,232,6,,pure_numeric_comment
P003042,2-19-068-0158,232,7,,pure_numeric_comment
P003043,2-19-069-0159,232,8,,pure_numeric_comment
P003044,2-19-070-0160,232,163,,pure_numeric_comment
P003047,2-19-071-0163,232,11,,pure_numeric_comment
P003049,2-19-072-0165,232,13,,pure_numeric_comment
P003050,2-19-073-0166,232,14,,pure_numeric_comment
P003051,2-19-073-0167,233,170,,pure_numeric_comment
P003052,2-19-074-0168,233,171,,pure_numeric_comment
P003053,2-19-074-0169,233,172,,pure_numeric_comment
P003054,2-19-075-0170,233,173,,pure_numeric_comment
P003055,2-19-075-0171,233,174,,pure_numeric_comment
P003056,2-19-076-0172,233,175,,pure_numeric_comment
P003057,2-19-076-0173,233,176,,pure_numeric_comment
P003060,2-20-001-0001,233,1,,pure_numeric_comment
P003061,2-20-002-0002,233,2,,pure_numeric_comment
P003062,2-20-002-0003,233,3,,pure_numeric_comment
P003066,2-20-004-0007,233,7,,pure_numeric_comment
P003067,2-20-004-0008,234,8,,pure_numeric_comment
P003069,2-20-005-0010,234,10,,pure_numeric_comment
P003070,2-20-005-0011,234,11,,pure_numeric_comment
P003072,2-20-006-0013,234,14,,pure_numeric_comment
P003073,2-20-007-0014,234,15,,pure_numeric_comment
P003074,2-20-007-0015,234,16,,pure_numeric_comment
P003075,2-20-008-0016,234,17,,pure_numeric_comment
P003077,2-20-009-0018,234,19,,pure_numeric_comment
P003079,2-20-010-0020,234,21,,pure_numeric_comment
P003080,2-20-010-0021,234,22,,pure_numeric_comment
P003082,2-20-011-0023,234,24,,pure_numeric_comment
P003083,2-20-012-0024,234,25,,pure_numeric_comment
P003084,2-20-012-0025,234,26,,pure_numeric_comment
P003085,2-20-013-0026,235,27,,pure_numeric_comment
P003087,2-20-014-0028,235,29,,pure_numeric_comment
P003088,2-20-014-0029,235,30,,pure_numeric_comment
P003090,2-20-014-0031,235,32,,pure_numeric_comment
P003091,2-20-015-0032,235,33,,pure_numeric_comment
P003092,2-20-015-0033,235,34,,pure_numeric_comment
P003094,2-20-016-0035,235,36,,pure_numeric_comment
P003095,2-20-017-0036,235,37,,pure_numeric_comment
P003096,2-20-017-0037,235,38,,pure_numeric_comment
P003098,2-20-018-0039,235,40,,pure_numeric_comment
P003099,2-20-019-0040,235,41,,pure_numeric_comment
P003100,2-20-019-0041,235,42,,pure_numeric_comment
P003102,2-20-020-0043,235,44,,pure_numeric_comment
P003103,2-20-021-0044,236,45,,pure_numeric_comment
P003104,2-20-022-0045,236,46,,pure_numeric_comment
P003105,2-20-022-0046,236,47,,pure_numeric_comment
P003107,2-20-023-0048,236,49,,pure_numeric_comment
P003108,2-20-023-0049,236,50,,pure_numeric_comment
P003109,2-20-024-0050,236,51,,pure_numeric_comment
P003110,2-20-024-0051,236,52,,pure_numeric_comment
P003113,2-20-025-0054,236,55,,pure_numeric_comment
P003114,2-20-025-0055,236,56,,pure_numeric_comment
P003117,2-20-026-0058,236,59,,pure_numeric_comment
P003118,2-20-026-0059,236,60,,pure_numeric_comment
P003120,2-20-028-0061,236,62,,pure_numeric_comment
P003121,2-20-028-0062,236,63,,pure_numeric_comment
P003125,2-20-029-0066,237,67,,pure_numeric_comment
P003126,2-20-030-0067,237,68,,pure_numeric_comment
P003127,2-20-030-0068,237,69,,pure_numeric_comment
P003128,2-20-032-0069,237,70,,pure_numeric_comment
P003129,2-20-032-0070,237,71,,pure_numeric_comment
P003132,2-20-034-0073,237,3,,pure_numeric_comment
P003133,2-20-034-0074,237,4,,pure_numeric_comment
P003134,2-20-035-0075,237,5,,pure_numeric_comment
P003135,2-20-035-0076,237,78,,pure_numeric_comment
P003136,2-20-036-0077,237,79,,pure_numeric_comment
P003137,2-20-036-0078,237,80,,pure_numeric_comment
P003139,2-20-037-0080,238,82,,pure_numeric_comment
P003140,2-20-038-0081,238,83,,pure_numeric_comment
P003141,2-20-039-0082,238,84,,pure_numeric_comment
P003142,2-20-040-0083,238,85,,pure_numeric_comment
P003143,2-20-040-0084,238,86,,pure_numeric_comment
P003144,2-20-041-0085,238,87,,pure_numeric_comment
P003146,2-20-045-0087,238,89,,pure_numeric_comment
P003149,2-20-047-0090,238,92,,pure_numeric_comment
P003150,2-20-048-0091,238,93,,pure_numeric_comment
P003157,2-21-002-0004,239,538,,pure_numeric_comment
P003158,2-21-002-0005,239,537,,pure_numeric_comment
P003159,2-21-002-0006,239,536,,pure_numeric_comment
P003160,2-21-002-0007,239,535,,pure_numeric_comment
P003161,2-21-002-0008,239,534,,pure_numeric_comment
P003168,2-21-004-0015,239,533,,pure_numeric_comment
P003169,2-21-004-0016,239,532,,pure_numeric_comment
P003197,2-21-032-0044,241,530,,pure_numeric_comment
P003198,2-21-032-0045,241,531,,pure_numeric_comment
P003205,2-21-035-0052,241,529,,pure_numeric_comment
P003225,2-21-043-0072,242,528,,pure_numeric_comment
P003244,2-21-051-0091,243,527,,pure_numeric_comment
P003245,2-21-051-0092,243,526,,pure_numeric_comment
P003270,2-21-080-0117,245,525,,pure_numeric_comment
P003278,2-21-083-0125,245,19,,pure_numeric_comment
P003299,2-21-089-0146,247,523,,pure_numeric_comment
P003349,2-21-105-0196,250,522,,pure_numeric_comment
P003369,2-21-115-0216,251,519,,pure_numeric_comment
P003390,2-21-123-0237,252,517,,pure_numeric_comment
P003391,2-21-123-0238,252,516,,pure_numeric_comment
P003392,2-21-123-0239,252,515,,pure_numeric_comment
P003417,2-21-132-0264,254,514,,pure_numeric_comment
P003418,2-21-132-0265,254,520,,pure_numeric_comment
P003483,2-21-169-0330,257,513,,pure_numeric_comment
P003484,2-21-169-0331,257,512,,pure_numeric_comment
P003490,2-21-171-0337,257,511,,pure_numeric_comment
P003527,2-21-188-0374,259,510,,pure_numeric_comment
P003528,2-21-188-0375,259,509,,pure_numeric_comment
P003595,2-21-219-0442,262,507,,pure_numeric_comment
P003680,2-21-265-0527,267,506,,pure_numeric_comment
P003941,2-22-089-0156,280,472,,pure_numeric_comment
P004038,2-24-001-0002,285,2,,pure_numeric_comment
P004039,2-24-001-0003,285,3,,pure_numeric_comment
P004040,2-24-001-0004,286,5,,pure_numeric_comment
P004041,2-24-001-0005,286,6,,pure_numeric_comment
P004044,2-24-002-0008,286,9,,pure_numeric_comment
P004045,2-24-002-0009,286,10,,pure_numeric_comment
P004046,2-24-002-0010,286,11,,pure_numeric_comment
P004047,2-24-002-0011,286,12,,pure_numeric_comment
P004048,2-24-003-0012,286,13,,pure_numeric_comment
P004049,2-24-003-0013,286,14,,pure_numeric_comment
P004051,2-24-004-0015,286,16,,pure_numeric_comment
P004052,2-24-005-0016,286,17,,pure_numeric_comment
P004053,2-24-005-0017,286,18,,pure_numeric_comment
P004054,2-24-005-0018,286,19,,pure_numeric_comment
P004056,2-24-006-0020,286,24,,pure_numeric_comment
P004057,2-24-006-0021,287,22,,pure_numeric_comment
P004059,2-24-007-0023,287,25,,pure_numeric_comment
P004060,2-24-007-0024,287,26,,pure_numeric_comment
P004061,2-24-007-0025,287,27,,pure_numeric_comment
P004062,2-24-007-0026,287,28,,pure_numeric_comment
P004063,2-24-007-0027,287,29,,pure_numeric_comment
P004065,2-24-008-0029,287,31,,pure_numeric_comment
P004066,2-24-008-0030,287,32,,pure_numeric_comment
P004067,2-24-008-0031,287,1,,pure_numeric_comment
P004068,2-24-009-0032,287,34,,pure_numeric_comment
P004069,2-24-009-0033,287,35,,pure_numeric_comment
P004070,2-24-009-0034,287,36,,pure_numeric_comment
P004071,2-24-010-0035,287,37,,pure_numeric_comment
P004072,2-24-010-0036,287,38,,pure_numeric_comment
P004073,2-24-010-0037,287,41,,pure_numeric_comment
P004074,2-24-010-0038,288,42,,pure_numeric_comment
P004075,2-24-011-0039,288,43,,pure_numeric_comment
P004076,2-24-011-0040,288,44,,pure_numeric_comment
P004077,2-24-011-0041,288,49,,pure_numeric_comment
P004078,2-24-011-0042,288,1,,pure_numeric_comment
P004079,2-24-011-0043,288,51,,pure_numeric_comment
P004080,2-24-011-0044,288,2,,pure_numeric_comment
P004083,2-24-012-0047,288,55,,pure_numeric_comment
P004084,2-24-012-0048,288,56,,pure_numeric_comment
P004085,2-24-013-0049,288,57,,pure_numeric_comment
P004086,2-24-013-0050,288,58,,pure_numeric_comment
P004087,2-24-013-0051,288,59,,pure_numeric_comment
P004088,2-24-014-0052,288,60,,pure_numeric_comment
P004089,2-24-014-0053,289,61,,pure_numeric_comment
P004090,2-24-014-0054,289,62,,pure_numeric_comment
P004092,2-24-015-0056,289,64,,pure_numeric_comment
P004093,2-24-015-0057,289,65,,pure_numeric_comment
P004094,2-24-015-0058,289,67,,pure_numeric_comment
P004095,2-24-015-0059,289,68,,pure_numeric_comment
P004096,2-24-016-0060,289,69,,pure_numeric_comment
P004100,2-24-017-0064,289,73,,pure_numeric_comment
P004101,2-24-017-0065,289,1,,pure_numeric_comment
P004102,2-24-017-0066,289,75,,pure_numeric_comment
P004103,2-24-017-0067,289,76,,pure_numeric_comment
P004104,2-24-018-0068,289,77,,pure_numeric_comment
P004105,2-24-018-0069,289,78,,pure_numeric_comment
P004106,2-24-018-0070,290,79,,pure_numeric_comment
P004107,2-24-018-0071,290,80,,pure_numeric_comment
P004108,2-24-018-0072,290,81,,pure_numeric_comment
P004109,2-24-018-0073,290,82,,pure_numeric_comment
P004110,2-24-018-0074,290,83,,pure_numeric_comment
P004111,2-24-019-0075,290,84,,pure_numeric_comment
P004112,2-24-019-0076,290,85,,pure_numeric_comment
P004113,2-24-019-0077,290,86,,pure_numeric_comment
P004114,2-24-019-0078,290,88,,pure_numeric_comment
P004115,2-24-020-0079,290,90,,pure_numeric_comment
P004116,2-24-020-0080,290,90,,pure_numeric_comment
P004117,2-24-020-0081,290,91,,pure_numeric_comment
P004118,2-24-020-0082,290,92,,pure_numeric_comment
P004119,2-24-021-0083,290,93,,pure_numeric_comment
P004122,2-24-022-0086,290,96,,pure_numeric_comment
P004123,2-24-022-0087,290,97,,pure_numeric_comment
P004124,2-24-022-0088,291,98,,pure_numeric_comment
P004125,2-24-023-0089,291,99,,pure_numeric_comment
P004126,2-24-023-0090,291,100,,pure_numeric_comment
P004127,2-24-023-0091,291,101,,pure_numeric_comment
P004128,2-24-023-0092,291,102,,pure_numeric_comment
P004129,2-24-023-0093,291,103,,pure_numeric_comment
P004130,2-24-024-0094,291,104,,pure_numeric_comment
P004131,2-24-024-0095,291,105,,pure_numeric_comment
P004132,2-24-024-0096,291,1,,pure_numeric_comment
P004134,2-24-024-0098,291,2,,pure_numeric_comment
P004135,2-24-024-0099,291,3,,pure_numeric_comment
P004136,2-24-025-0100,291,112,,pure_numeric_comment
P004137,2-24-025-0101,291,113,,pure_numeric_comment
P004138,2-24-026-0102,291,114,,pure_numeric_comment
P004139,2-24-026-0103,291,115,,pure_numeric_comment
P004140,2-24-026-0104,291,116,,pure_numeric_comment
P004141,2-24-026-0105,292,117,,pure_numeric_comment
P004143,2-24-026-0107,292,119,,pure_numeric_comment
P004144,2-24-027-0108,292,120,,pure_numeric_comment
P004145,2-24-027-0109,292,121,,pure_numeric_comment
P004146,2-24-027-0110,292,124,,pure_numeric_comment
P004147,2-24-027-0111,292,125,,pure_numeric_comment
P004148,2-24-027-0112,292,126,,pure_numeric_comment
P004149,2-24-027-0113,292,127,,pure_numeric_comment
P004151,2-24-028-0115,292,129,,pure_numeric_comment
P004152,2-24-028-0116,292,130,,pure_numeric_comment
P004153,2-24-029-0117,292,131,,pure_numeric_comment
P004154,2-24-029-0118,292,132,,pure_numeric_comment
P004156,2-24-029-0120,292,1,,pure_numeric_comment
P004157,2-24-029-0121,292,2,,pure_numeric_comment
P004158,2-24-030-0122,293,136,,pure_numeric_comment
P004159,2-24-030-0123,293,137,,pure_numeric_comment
P004160,2-24-030-0124,293,1,,pure_numeric_comment
P004161,2-24-030-0125,293,2,,pure_numeric_comment
P004162,2-24-030-0126,293,3,,pure_numeric_comment
P004163,2-24-031-0127,293,142,,pure_numeric_comment
P004164,2-24-031-0128,293,143,,pure_numeric_comment
P004166,2-24-032-0130,293,145,,pure_numeric_comment
P004167,2-24-032-0131,293,146,,pure_numeric_comment
P004168,2-24-033-0132,293,147,,pure_numeric_comment
P004169,2-24-033-0133,293,148,,pure_numeric_comment
P004170,2-24-033-0134,293,149,,pure_numeric_comment
P004171,2-24-033-0135,293,150,,pure_numeric_comment
P004172,2-24-033-0136,293,151,,pure_numeric_comment
P004173,2-24-034-0137,293,152,,pure_numeric_comment
P004174,2-24-034-0138,294,153,,pure_numeric_comment
P004175,2-24-034-0139,294,154,,pure_numeric_comment
P004176,2-24-034-0140,294,155,,pure_numeric_comment
P004177,2-24-034-0141,294,156,,pure_numeric_comment
P004179,2-24-035-0143,294,158,,pure_numeric_comment
P004180,2-24-035-0144,294,159,,pure_numeric_comment
P004181,2-24-035-0145,294,160,,pure_numeric_comment
P004182,2-24-036-0146,294,161,,pure_numeric_comment
P004183,2-24-036-0147,294,162,,pure_numeric_comment
P004184,2-24-036-0148,294,163,,pure_numeric_comment
P004185,2-24-036-0149,294,164,,pure_numeric_comment
P004186,2-24-037-0150,294,165,,pure_numeric_comment
P004187,2-24-037-0151,294,166,,pure_numeric_comment
P004188,2-24-037-0152,294,167,,pure_numeric_comment
P004189,2-24-037-0153,294,1681,,pure_numeric_comment
P004190,2-24-037-0154,294,169,,pure_numeric_comment
P004191,2-24-037-0155,294,170,,pure_numeric_comment
P004192,2-24-037-0156,295,171,,pure_numeric_comment
P004193,2-24-038-0157,295,172,,pure_numeric_comment
P004194,2-24-038-0158,295,173,,pure_numeric_comment
P004195,2-24-038-0159,295,174,,pure_numeric_comment
P004196,2-24-039-0160,295,175,,pure_numeric_comment
P004197,2-24-039-0161,295,177,,pure_numeric_comment
P004198,2-24-039-0162,295,178,,pure_numeric_comment
P004200,2-24-039-0164,295,216,,pure_numeric_comment
P004202,2-24-039-0166,295,181,,pure_numeric_comment
P004203,2-24-040-0167,295,182,,pure_numeric_comment
P004204,2-24-040-0168,295,183,,pure_numeric_comment
P004207,2-24-040-0171,295,186,,pure_numeric_comment
P004208,2-24-041-0172,295,187,,pure_numeric_comment
P004209,2-24-041-0173,295,188,,pure_numeric_comment
P004210,2-24-041-0174,296,189,,pure_numeric_comment
P004211,2-24-041-0175,296,190,,pure_numeric_comment
P004212,2-24-041-0176,296,191,,pure_numeric_comment
P004213,2-24-042-0177,296,192,,pure_numeric_comment
P004214,2-24-042-0178,296,193,,pure_numeric_comment
P004215,2-24-042-0179,296,194,,pure_numeric_comment
P004216,2-24-042-0180,296,195,,pure_numeric_comment
P004217,2-24-043-0181,296,196,,pure_numeric_comment
P004218,2-24-043-0182,296,197,,pure_numeric_comment
P004219,2-24-044-0183,296,199,,pure_numeric_comment
P004220,2-24-044-0184,296,200,,pure_numeric_comment
P004221,2-24-044-0185,296,201,,pure_numeric_comment
P004222,2-24-044-0186,296,202,,pure_numeric_comment
P004223,2-24-044-0187,296,204,,pure_numeric_comment
P004224,2-24-044-0188,296,203,,pure_numeric_comment
P004225,2-24-044-0189,296,205,,pure_numeric_comment
P004227,2-24-045-0191,296,207,,pure_numeric_comment
P004228,2-24-045-0192,297,208,,pure_numeric_comment
P004229,2-24-045-0193,297,209,,pure_numeric_comment
P004230,2-24-045-0194,297,210,,pure_numeric_comment
P004232,2-24-046-0196,297,212,,pure_numeric_comment
P004233,2-24-046-0197,297,213,,pure_numeric_comment
P004234,2-24-046-0198,297,214,,pure_numeric_comment
P004235,2-24-046-0199,297,215,,pure_numeric_comment
P004236,2-24-046-0200,297,216,,pure_numeric_comment
P004237,2-24-047-0201,297,217,,pure_numeric_comment
P004238,2-24-047-0202,297,218,,pure_numeric_comment
P004239,2-24-048-0203,297,219,,pure_numeric_comment
P004240,2-24-049-0204,297,220,,pure_numeric_comment
P004241,2-24-049-0205,297,221,,pure_numeric_comment
P004242,2-24-049-0206,297,222,,pure_numeric_comment
P004243,2-24-054-0207,297,223,,pure_numeric_comment
P004244,2-24-054-0208,297,224,,pure_numeric_comment
P004245,2-24-054-0209,297,225,,pure_numeric_comment
P004246,2-24-054-0210,297,226,,pure_numeric_comment
P004247,2-24-054-0211,298,227,,pure_numeric_comment
P004248,2-24-054-0212,298,228,,pure_numeric_comment
P004249,2-24-055-0213,298,229,,pure_numeric_comment
P004250,2-24-055-0214,298,230,,pure_numeric_comment
P004251,2-24-055-0215,298,231,,pure_numeric_comment
P004252,2-24-056-0216,298,232,,pure_numeric_comment
P004254,2-24-056-0218,298,1,,pure_numeric_comment
P004255,2-24-056-0219,298,2,,pure_numeric_comment
P004256,2-24-057-0220,298,236,,pure_numeric_comment
P004257,2-24-058-0221,298,237,,pure_numeric_comment
P004258,2-24-058-0222,298,238,,pure_numeric_comment
P004259,2-24-058-0223,298,239,,pure_numeric_comment
P004261,2-24-058-0225,298,241,,pure_numeric_comment
P004262,2-24-058-0226,298,242,,pure_numeric_comment
P004263,2-24-058-0227,298,243,,pure_numeric_comment
P004264,2-24-058-0228,299,244,,pure_numeric_comment
P004265,2-24-059-0229,299,245,,pure_numeric_comment
P004266,2-24-059-0230,299,2,,pure_numeric_comment
P004267,2-24-059-0231,299,247,,pure_numeric_comment
P004268,2-24-059-0232,299,248,,pure_numeric_comment
P004269,2-24-059-0233,299,249,,pure_numeric_comment
P004270,2-24-059-0234,299,250,,pure_numeric_comment
P004271,2-24-059-0235,299,251,,pure_numeric_comment
P004272,2-24-059-0236,299,3,,pure_numeric_comment
P004273,2-24-059-0237,299,253,,pure_numeric_comment
P004274,2-24-059-0238,299,4,,pure_numeric_comment
P004275,2-24-059-0239,299,5,,pure_numeric_comment
P004276,2-24-059-0240,299,6,,pure_numeric_comment
P004278,2-24-060-0242,299,259,,pure_numeric_comment
P004279,2-24-060-0243,299,260,,pure_numeric_comment
P004281,2-24-060-0245,300,262,,pure_numeric_comment
P004282,2-24-060-0246,300,263,,pure_numeric_comment
P004286,2-24-060-0250,300,267,,pure_numeric_comment
P004287,2-24-061-0251,300,268,,pure_numeric_comment
P004288,2-24-061-0252,300,269,,pure_numeric_comment
P004289,2-24-062-0253,300,270,,pure_numeric_comment
P004290,2-24-062-0254,300,271,,pure_numeric_comment
P004292,2-24-062-0256,300,274,,pure_numeric_comment
P004293,2-24-062-0257,300,273,,pure_numeric_comment
P004294,2-24-062-0258,300,275,,pure_numeric_comment
P004295,2-24-062-0259,300,276,,pure_numeric_comment
P004296,2-24-062-0260,300,277,,pure_numeric_comment
P004297,2-24-063-0261,300,278,,pure_numeric_comment
P004298,2-24-063-0262,301,279,,pure_numeric_comment
P004299,2-24-063-0263,301,280,,pure_numeric_comment
P004300,2-24-064-0264,301,281,,pure_numeric_comment
P004301,2-24-064-0265,301,282,,pure_numeric_comment
P004302,2-24-065-0266,301,283,,pure_numeric_comment
P004304,2-24-065-0268,301,285,,pure_numeric_comment
P004305,2-24-065-0269,301,286,,pure_numeric_comment
P004306,2-24-065-0270,301,2,,pure_numeric_comment
P004307,2-24-066-0271,301,288,,pure_numeric_comment
P004308,2-24-066-0272,301,289,,pure_numeric_comment
P004309,2-24-066-0273,301,290,,pure_numeric_comment
P004310,2-24-066-0274,301,291,,pure_numeric_comment
P004311,2-24-066-0275,301,292,,pure_numeric_comment
P004312,2-24-066-0276,301,293,,pure_numeric_comment
P004313,2-24-066-0277,301,294,,pure_numeric_comment
P004314,2-24-066-0278,301,295,,pure_numeric_comment
P004315,2-24-066-0279,302,296,,pure_numeric_comment
P004316,2-24-066-0280,302,297,,pure_numeric_comment
P004317,2-24-066-0281,302,298,,pure_numeric_comment
P004318,2-24-067-0282,302,299,,pure_numeric_comment
P004319,2-24-067-0283,302,300,,pure_numeric_comment
P004324,2-24-068-0288,302,305,,pure_numeric_comment
P004325,2-24-068-0289,302,306,,pure_numeric_comment
P004326,2-24-068-0290,302,307,,pure_numeric_comment
P004328,2-24-068-0292,302,311,,pure_numeric_comment
P004329,2-24-068-0293,302,312,,pure_numeric_comment
P004331,2-24-068-0295,302,313,,pure_numeric_comment
P004332,2-24-068-0296,302,314,,pure_numeric_comment
P004333,2-24-069-0297,302,315,,pure_numeric_comment
P004334,2-24-069-0298,303,316,,pure_numeric_comment
P004335,2-24-069-0299,303,317,,pure_numeric_comment
P004336,2-24-070-0300,303,318,,pure_numeric_comment
P004337,2-24-070-0301,303,319,,pure_numeric_comment
P004338,2-24-070-0302,303,320,,pure_numeric_comment
P004339,2-24-070-0303,303,322,,pure_numeric_comment
P004340,2-24-070-0304,303,1,,pure_numeric_comment
P004341,2-24-070-0305,303,2,,pure_numeric_comment
P004342,2-24-071-0306,303,325,,pure_numeric_comment
P004344,2-24-071-0308,303,327,,pure_numeric_comment
P004345,2-24-071-0309,303,328,,pure_numeric_comment
P004346,2-24-071-0310,303,329,,pure_numeric_comment
P004347,2-24-072-0311,303,330,,pure_numeric_comment
P004349,2-24-073-0313,303,322,,pure_numeric_comment
P004350,2-24-073-0314,304,333,,pure_numeric_comment
P004351,2-24-073-0315,304,334,,pure_numeric_comment
P004355,2-24-073-0319,304,338,,pure_numeric_comment
P004356,2-24-074-0320,304,339,,pure_numeric_comment
P004357,2-24-074-0321,304,340,,pure_numeric_comment
P004358,2-24-074-0322,304,341,,pure_numeric_comment
P004359,2-24-074-0323,304,342,,pure_numeric_comment
P004360,2-24-074-0324,304,343,,pure_numeric_comment
P004362,2-24-074-0326,304,2,,pure_numeric_comment
P004363,2-24-075-0327,304,346,,pure_numeric_comment
P004364,2-24-075-0328,304,347,,pure_numeric_comment
P004365,2-24-075-0329,304,349,,pure_numeric_comment
P004366,2-24-076-0330,305,350,,pure_numeric_comment
P004367,2-24-076-0331,305,351,,pure_numeric_comment
P004368,2-24-077-0332,305,352,,pure_numeric_comment
P004369,2-24-077-0333,305,353,,pure_numeric_comment
P004370,2-24-077-0334,305,354,,pure_numeric_comment
P004371,2-24-077-0335,305,355,,pure_numeric_comment
P004372,2-24-077-0336,305,356,,pure_numeric_comment
P004373,2-24-078-0337,305,357,,pure_numeric_comment
P004374,2-24-078-0338,305,358,,pure_numeric_comment
P004375,2-24-078-0339,305,359,,pure_numeric_comment
P004376,2-24-078-0340,305,1,,pure_numeric_comment
P004377,2-24-078-0341,305,361,,pure_numeric_comment
P004378,2-24-079-0342,305,362,,pure_numeric_comment
P004379,2-24-079-0343,305,363,,pure_numeric_comment
P004382,2-24-079-0346,306,223,,pure_numeric_comment
P004383,2-24-079-0347,306,367,,pure_numeric_comment
P004384,2-24-080-0348,306,368,,pure_numeric_comment
P004385,2-24-080-0349,306,369,,pure_numeric_comment
P004386,2-24-080-0350,306,372,,pure_numeric_comment
P004387,2-24-080-0351,306,373,,pure_numeric_comment
P004388,2-24-080-0352,306,370,,pure_numeric_comment
P004389,2-24-081-0353,306,374,,pure_numeric_comment
P004390,2-24-081-0354,306,375,,pure_numeric_comment
P004392,2-24-081-0356,306,377,,pure_numeric_comment
P004393,2-24-081-0357,306,378,,pure_numeric_comment
P004394,2-24-081-0358,306,379,,pure_numeric_comment
P004396,2-24-082-0360,306,381,,pure_numeric_comment
P004397,2-24-082-0361,306,382,,pure_numeric_comment
P004398,2-24-082-0362,306,387,,pure_numeric_comment
P004399,2-24-083-0363,306,388,,pure_numeric_comment
P004400,2-24-083-0364,307,389,,pure_numeric_comment
P004402,2-24-083-0366,307,391,,pure_numeric_comment
P004403,2-24-083-0367,307,392,,pure_numeric_comment
P004405,2-24-083-0369,307,394,,pure_numeric_comment
P004409,2-24-085-0373,307,398,,pure_numeric_comment
P004410,2-24-085-0374,307,399,,pure_numeric_comment
P004413,2-24-085-0377,307,402,,pure_numeric_comment
P004414,2-24-086-0378,307,403,,pure_numeric_comment
P004415,2-24-086-0379,307,8,,pure_numeric_comment
P004416,2-24-086-0380,308,405,,pure_numeric_comment
P004419,2-24-087-0383,308,406,,pure_numeric_comment
P004420,2-24-087-0384,308,409,,pure_numeric_comment
P004423,2-24-087-0387,308,413,,pure_numeric_comment
P004424,2-24-088-0388,308,414,,pure_numeric_comment
P004425,2-24-088-0389,308,415,,pure_numeric_comment
P004431,2-24-089-0395,308,421,,pure_numeric_comment
P004432,2-24-089-0396,308,422,,pure_numeric_comment
P004437,2-24-090-0401,309,427,,pure_numeric_comment
P004438,2-24-090-0402,309,428,,pure_numeric_comment
P004439,2-24-091-0403,309,429,,pure_numeric_comment
P004440,2-24-091-0404,309,430,,pure_numeric_comment
P004443,2-24-091-0407,309,433,,pure_numeric_comment
P004444,2-24-091-0408,309,434,,pure_numeric_comment
P004446,2-24-092-0410,309,436,,pure_numeric_comment
P004447,2-24-093-0411,309,437,,pure_numeric_comment
P004448,2-24-093-0412,309,438,,pure_numeric_comment
P004450,2-24-094-0414,309,440,,pure_numeric_comment
P004451,2-24-094-0415,309,441,,pure_numeric_comment
P004452,2-24-094-0416,310,442,,pure_numeric_comment
P004453,2-24-094-0417,310,443,,pure_numeric_comment
P004454,2-24-095-0418,310,445,,pure_numeric_comment
P004455,2-24-095-0419,310,446,,pure_numeric_comment
P004456,2-24-095-0420,310,447,,pure_numeric_comment
P004457,2-24-096-0421,310,448,,pure_numeric_comment
P004458,2-24-096-0422,310,236,,pure_numeric_comment
P004460,2-24-096-0424,310,451,,pure_numeric_comment
P004461,2-24-096-0425,310,452,,pure_numeric_comment
P004463,2-24-097-0427,310,454,,pure_numeric_comment
P004465,2-24-098-0429,310,456,,pure_numeric_comment
P004466,2-24-098-0430,310,457,,pure_numeric_comment
P004467,2-24-098-0431,310,459,,pure_numeric_comment
P004468,2-24-098-0432,310,459,,pure_numeric_comment
P004470,2-24-098-0434,311,461,,pure_numeric_comment
P004472,2-24-099-0436,311,463,,pure_numeric_comment
P004473,2-24-100-0437,311,464,,pure_numeric_comment
P004474,2-24-100-0438,311,465,,pure_numeric_comment
P004475,2-24-100-0439,311,466,,pure_numeric_comment
P004477,2-24-100-0441,311,468,,pure_numeric_comment
P004480,2-24-112-0444,311,471,,pure_numeric_comment
P004481,2-24-112-0445,311,472,,pure_numeric_comment
P004482,2-24-112-0446,311,473,,pure_numeric_comment
P004483,2-24-112-0447,311,475,,pure_numeric_comment
P004484,2-24-112-0448,311,1,,pure_numeric_comment
P004485,2-24-113-0449,311,477,,pure_numeric_comment
P004486,2-24-113-0450,311,478,,pure_numeric_comment
P004487,2-24-113-0451,312,479,,pure_numeric_comment
P004488,2-24-113-0452,312,480,,pure_numeric_comment
P004489,2-24-114-0453,312,481,,pure_numeric_comment
P004490,2-24-115-0454,312,482,,pure_numeric_comment
P004492,2-24-116-0456,312,484,,pure_numeric_comment
P004493,2-24-116-0457,312,485,,pure_numeric_comment
P004496,2-24-117-0460,312,488,,pure_numeric_comment
P004497,2-24-117-0461,312,489,,pure_numeric_comment
P004498,2-24-118-0462,312,490,,pure_numeric_comment
P004499,2-24-118-0463,312,491,,pure_numeric_comment
P004500,2-24-118-0464,312,493,,pure_numeric_comment
P004501,2-24-118-0465,312,494,,pure_numeric_comment
P004502,2-24-119-0466,312,495,,pure_numeric_comment
P004503,2-24-119-0467,312,496,,pure_numeric_comment
P004504,2-24-119-0468,312,498,,pure_numeric_comment
P004505,2-24-119-0469,312,499,,pure_numeric_comment
P004506,2-24-120-0470,313,500,,pure_numeric_comment
P004507,2-24-120-0471,313,501,,pure_numeric_comment
P004512,2-24-121-0476,313,506,,pure_numeric_comment
P004513,2-24-121-0477,313,507,,pure_numeric_comment
P004514,2-24-122-0478,313,508,,pure_numeric_comment
P004515,2-24-122-0479,313,509,,pure_numeric_comment
P004518,2-24-124-0482,313,512,,pure_numeric_comment
P004519,2-24-124-0483,313,515,,pure_numeric_comment
P004520,2-24-124-0484,313,513,,pure_numeric_comment
P004522,2-24-125-0486,313,516,,pure_numeric_comment
P004523,2-24-125-0487,313,517,,pure_numeric_comment
P004524,2-24-125-0488,313,518,,pure_numeric_comment
P004525,2-24-125-0489,314,519,,pure_numeric_comment
P004526,2-24-125-0490,314,520,,pure_numeric_comment
P004527,2-24-125-0491,314,521,,pure_numeric_comment
P004528,2-24-126-0492,314,522,,pure_numeric_comment
P004529,2-24-128-0493,314,525,,pure_numeric_comment
P004530,2-24-128-0494,314,526,,pure_numeric_comment
P004533,2-24-129-0497,314,529,,pure_numeric_comment
P004534,2-24-130-0498,314,530,,pure_numeric_comment
P004535,2-24-131-0499,314,531,,pure_numeric_comment
P004536,2-24-132-0500,314,532,,pure_numeric_comment
P004537,2-24-133-0501,314,533,,pure_numeric_comment
P004538,2-24-133-0502,314,534,,pure_numeric_comment
P004539,2-24-133-0503,314,535,,pure_numeric_comment
P004540,2-24-134-0504,314,536,,pure_numeric_comment
P004541,2-24-134-0505,314,537,,pure_numeric_comment
P004542,2-24-134-0506,314,538,,pure_numeric_comment
P004543,2-24-135-0507,314,539,,pure_numeric_comment
P004544,2-24-135-0508,314,540,,pure_numeric_comment
P004545,2-24-136-0509,314,541,,pure_numeric_comment
P004546,2-24-136-0510,315,542,,pure_numeric_comment
P004547,2-24-137-0511,315,543,,pure_numeric_comment
P004548,2-24-138-0512,315,544,,pure_numeric_comment
P004549,2-24-139-0513,315,545,,pure_numeric_comment
P004550,2-24-139-0514,315,546,,pure_numeric_comment
P004551,2-24-139-0515,315,547,,pure_numeric_comment
P004552,2-24-139-0516,315,548,,pure_numeric_comment
P004553,2-24-139-0517,315,549,,pure_numeric_comment
P004555,2-24-139-0519,315,551,,pure_numeric_comment
P004556,2-24-140-0520,315,552,,pure_numeric_comment
P004557,2-24-140-0521,315,553,,pure_numeric_comment
P004558,2-24-140-0522,315,554,,pure_numeric_comment
P004559,2-24-141-0523,315,555,,pure_numeric_comment
P004561,2-24-141-0525,315,557,,pure_numeric_comment
P004562,2-24-142-0526,315,558,,pure_numeric_comment
P004563,2-24-142-0527,315,559,,pure_numeric_comment
P004564,2-24-143-0528,315,560,,pure_numeric_comment
P004565,2-24-143-0529,316,561,,pure_numeric_comment
P004566,2-24-143-0530,316,1,,pure_numeric_comment
P004567,2-24-143-0531,316,564,,pure_numeric_comment
P004570,2-24-144-0534,316,567,,pure_numeric_comment
P004571,2-24-144-0535,316,568,,pure_numeric_comment
P004572,2-24-144-0536,316,569,,pure_numeric_comment
P004573,2-24-144-0537,316,570,,pure_numeric_comment
P004575,2-24-145-0539,316,573,,pure_numeric_comment
P004576,2-24-145-0540,316,574,,pure_numeric_comment
P004577,2-24-145-0541,316,576,,pure_numeric_comment
P004578,2-24-145-0542,316,577,,pure_numeric_comment
P004579,2-24-146-0543,316,578,,pure_numeric_comment
P004580,2-24-146-0544,316,579,,pure_numeric_comment
P004583,2-24-147-0547,317,582,,pure_numeric_comment
P004584,2-24-147-0548,317,583,,pure_numeric_comment
P004585,2-24-149-0549,317,584,,pure_numeric_comment
P004586,2-24-149-0550,317,585,,pure_numeric_comment
P004588,2-24-151-0552,317,586,,pure_numeric_comment
P004589,2-24-151-0553,317,588,,pure_numeric_comment
P004590,2-24-151-0554,317,589,,pure_numeric_comment
P004591,2-24-151-0555,317,590,,pure_numeric_comment
P004592,2-24-152-0556,317,592,,pure_numeric_comment
P004593,2-24-153-0557,317,593,,pure_numeric_comment
P004594,2-24-153-0558,317,594,,pure_numeric_comment
P004595,2-24-153-0559,317,595,,pure_numeric_comment
P004596,2-24-154-0560,317,596,,pure_numeric_comment
P004597,2-24-154-0561,317,597,,pure_numeric_comment
P004598,2-24-154-0562,317,1,,pure_numeric_comment
P004600,2-24-154-0564,317,600,,pure_numeric_comment
P004601,2-24-155-0565,317,601,,pure_numeric_comment
P004602,2-24-155-0566,318,602,,pure_numeric_comment
P004603,2-24-156-0567,318,606,,pure_numeric_comment
P004604,2-24-156-0568,318,607,,pure_numeric_comment
P004605,2-24-157-0569,318,608,,pure_numeric_comment
P004606,2-24-157-0570,318,609,,pure_numeric_comment
P004607,2-24-158-0571,318,610,,pure_numeric_comment
P004608,2-24-158-0572,318,611,,pure_numeric_comment
P004609,2-24-159-0573,318,612,,pure_numeric_comment
P004610,2-24-159-0574,318,613,,pure_numeric_comment
P004612,2-24-161-0576,318,615,,pure_numeric_comment
P004613,2-24-161-0577,318,616,,pure_numeric_comment
P004614,2-24-162-0578,318,617,,pure_numeric_comment
P004615,2-24-162-0579,318,618,,pure_numeric_comment
P004616,2-24-163-0580,318,619,,pure_numeric_comment
P004617,2-24-164-0581,318,620,,pure_numeric_comment
P004618,2-24-164-0582,318,621,,pure_numeric_comment
P004619,2-24-164-0583,318,622,,pure_numeric_comment
P004620,2-24-164-0584,319,623,,pure_numeric_comment
P004621,2-24-165-0585,319,624,,pure_numeric_comment
P004622,2-24-166-0586,319,625,,pure_numeric_comment
P004623,2-24-166-0587,319,626,,pure_numeric_comment
P004627,2-24-167-0591,319,630,,pure_numeric_comment
P004628,2-24-167-0592,319,631,,pure_numeric_comment
P004629,2-24-167-0593,319,632,,pure_numeric_comment
P004631,2-24-167-0595,319,634,,pure_numeric_comment
P004632,2-24-168-0596,319,635,,pure_numeric_comment
P004633,2-24-168-0597,319,636,,pure_numeric_comment
P004634,2-24-168-0598,319,638,,pure_numeric_comment
P004635,2-24-168-0599,319,639,,pure_numeric_comment
P004636,2-24-168-0600,319,640,,pure_numeric_comment
P004637,2-24-169-0601,319,641,,pure_numeric_comment
P004638,2-24-169-0602,319,642,,pure_numeric_comment
P004639,2-24-170-0603,319,643,,pure_numeric_comment
P004640,2-24-170-0604,319,644,,pure_numeric_comment
P004641,2-24-170-0605,320,6451,,pure_numeric_comment
P004642,2-24-170-0606,320,2,,pure_numeric_comment
P004643,2-24-171-0607,320,647,,pure_numeric_comment
P004644,2-24-171-0608,320,648,,pure_numeric_comment
P004646,2-24-172-0610,320,650,,pure_numeric_comment
P004647,2-24-172-0611,320,651,,pure_numeric_comment
P004648,2-24-172-0612,320,652,,pure_numeric_comment
P004649,2-24-172-0613,320,653,,pure_numeric_comment
P004650,2-24-173-0614,320,654,,pure_numeric_comment
P004651,2-24-173-0615,320,655,,pure_numeric_comment
P004652,2-24-173-0616,320,656,,pure_numeric_comment
P004653,2-24-173-0617,320,657,,pure_numeric_comment
P004654,2-24-173-0618,320,3,,pure_numeric_comment
P004655,2-24-173-0619,320,4,,pure_numeric_comment
P004656,2-24-174-0620,320,661,,pure_numeric_comment
P004657,2-24-175-0621,320,662,,pure_numeric_comment
P004658,2-24-175-0622,320,663,,pure_numeric_comment
P004659,2-24-176-0623,321,664,,pure_numeric_comment
P004660,2-24-176-0624,321,665,,pure_numeric_comment
P004663,2-24-176-0627,321,668,,pure_numeric_comment
P004664,2-24-176-0628,321,669,,pure_numeric_comment
P004665,2-24-176-0629,321,670,,pure_numeric_comment
P004666,2-24-176-0630,321,671,,pure_numeric_comment
P004667,2-24-176-0631,321,672,,pure_numeric_comment
P004669,2-24-177-0633,321,2,,pure_numeric_comment
P004670,2-24-177-0634,321,675,,pure_numeric_comment
P004671,2-24-178-0635,321,676,,pure_numeric_comment
P004672,2-24-178-0636,321,677,,pure_numeric_comment
P004673,2-24-179-0637,321,678,,pure_numeric_comment
P004674,2-24-179-0638,321,679,,pure_numeric_comment
P004677,2-24-181-0641,322,682,,pure_numeric_comment
P004678,2-24-181-0642,322,683,,pure_numeric_comment
P004679,2-24-181-0643,322,685,,pure_numeric_comment
P004680,2-24-181-0644,322,686,,pure_numeric_comment
P004681,2-24-181-0645,322,687,,pure_numeric_comment
P004682,2-24-182-0646,322,688,,pure_numeric_comment
P004683,2-24-182-0647,322,689,,pure_numeric_comment
P004684,2-24-182-0648,322,690,,pure_numeric_comment
P004685,2-24-183-0649,322,691,,pure_numeric_comment
P004686,2-24-184-0650,322,692,,pure_numeric_comment
P004687,2-24-184-0651,322,693,,pure_numeric_comment
P004688,2-24-185-0652,322,694,,pure_numeric_comment
P004689,2-24-185-0653,322,695,,pure_numeric_comment
P004690,2-24-186-0654,322,696,,pure_numeric_comment
P004691,2-24-186-0655,322,697,,pure_numeric_comment
P004692,2-24-186-0656,322,698,,pure_numeric_comment
P004693,2-24-187-0657,322,699,,pure_numeric_comment
P004694,2-24-187-0658,322,700,,pure_numeric_comment
P004695,2-24-187-0659,323,701,,pure_numeric_comment
P004696,2-24-188-0660,323,702,,pure_numeric_comment
P004697,2-24-188-0661,323,703,,pure_numeric_comment
P004698,2-24-189-0662,323,704,,pure_numeric_comment
P004699,2-24-189-0663,323,705,,pure_numeric_comment
P004700,2-24-190-0664,323,706,,pure_numeric_comment
P004701,2-24-190-0665,323,707,,pure_numeric_comment
P004705,2-24-191-0669,323,711,,pure_numeric_comment
P004707,2-24-192-0671,323,713,,pure_numeric_comment
P004708,2-24-192-0672,323,714,,pure_numeric_comment
P004709,2-24-193-0673,323,715,,pure_numeric_comment
P004710,2-24-194-0674,323,717,,pure_numeric_comment
P004711,2-24-194-0675,323,718,,pure_numeric_comment
P004712,2-24-194-0676,323,719,,pure_numeric_comment
P004714,2-24-194-0678,323,722,,pure_numeric_comment
P004715,2-24-194-0679,324,723,,pure_numeric_comment
P004716,2-24-194-0680,324,725,,pure_numeric_comment
P004717,2-24-194-0681,324,724,,pure_numeric_comment
P004718,2-24-194-0682,324,726,,pure_numeric_comment
P004719,2-24-195-0683,324,727,,pure_numeric_comment
P004720,2-24-196-0684,324,728,,pure_numeric_comment
P004721,2-24-196-0685,324,729,,pure_numeric_comment
P004722,2-24-197-0686,324,730,,pure_numeric_comment
P004723,2-24-197-0687,324,731,,pure_numeric_comment
P004724,2-24-197-0688,324,732,,pure_numeric_comment
P004727,2-24-198-0691,324,735,,pure_numeric_comment
P004728,2-24-198-0692,324,736,,pure_numeric_comment
P004729,2-24-199-0693,324,737,,pure_numeric_comment
P004730,2-24-199-0694,324,738,,pure_numeric_comment
P004731,2-24-199-0695,324,742,,pure_numeric_comment
P004733,2-24-200-0697,324,742,,pure_numeric_comment
P004734,2-24-200-0698,324,745,,pure_numeric_comment
P004737,2-24-200-0701,325,748,,pure_numeric_comment
P004740,2-24-201-0704,325,753,,pure_numeric_comment
P004741,2-24-201-0705,325,754,,pure_numeric_comment
P004742,2-24-201-0706,325,755,,pure_numeric_comment
P004744,2-24-202-0708,325,758,,pure_numeric_comment
P004745,2-24-202-0709,325,759,,pure_numeric_comment
P004746,2-24-202-0710,325,760,,pure_numeric_comment
P004747,2-24-203-0711,325,761,,pure_numeric_comment
P004748,2-24-203-0712,325,762,,pure_numeric_comment
P004749,2-24-203-0713,325,763,,pure_numeric_comment
P004750,2-24-204-0714,325,7682,,pure_numeric_comment
P004752,2-24-204-0716,325,770,,pure_numeric_comment
P004753,2-24-204-0717,326,775,,pure_numeric_comment
P004754,2-24-205-0718,326,776,,pure_numeric_comment
P004755,2-24-205-0719,326,777,,pure_numeric_comment
P004756,2-24-205-0720,326,778,,pure_numeric_comment
P004758,2-24-205-0722,326,780,,pure_numeric_comment
P004759,2-24-206-0723,326,781,,pure_numeric_comment
P004760,2-24-206-0724,326,782,,pure_numeric_comment
P004761,2-24-206-0725,326,783,,pure_numeric_comment
P004762,2-24-206-0726,326,786,,pure_numeric_comment
P004763,2-24-206-0727,326,787,,pure_numeric_comment
P004764,2-24-207-0728,326,788,,pure_numeric_comment
P004765,2-24-207-0729,326,789,,pure_numeric_comment
P004767,2-24-207-0731,326,791,,pure_numeric_comment
P004768,2-24-208-0732,326,792,,pure_numeric_comment
P004769,2-24-208-0733,326,793,,pure_numeric_comment
P004770,2-24-209-0734,326,794,,pure_numeric_comment
P004771,2-24-209-0735,326,795,,pure_numeric_comment
P004772,2-24-209-0736,327,796,,pure_numeric_comment
P004773,2-24-209-0737,327,798,,pure_numeric_comment
P004774,2-24-210-0738,327,799,,pure_numeric_comment
P004775,2-24-211-0739,327,800,,pure_numeric_comment
P004776,2-24-211-0740,327,2,,pure_numeric_comment
P004777,2-24-211-0741,327,3,,pure_numeric_comment
P004778,2-24-211-0742,327,803,,pure_numeric_comment
P004779,2-24-211-0743,327,804,,pure_numeric_comment
P004780,2-24-212-0744,327,805,,pure_numeric_comment
P004781,2-24-212-0745,327,806,,pure_numeric_comment
P004782,2-24-212-0746,327,807,,pure_numeric_comment
P004783,2-24-213-0747,327,808,,pure_numeric_comment
P004784,2-24-213-0748,327,809,,pure_numeric_comment
P004785,2-24-213-0749,327,810,,pure_numeric_comment
P004786,2-24-214-0750,327,811,,pure_numeric_comment
P004787,2-24-214-0751,327,812,,pure_numeric_comment
P004790,2-24-214-0754,328,815,,pure_numeric_comment
P004792,2-24-215-0756,328,817,,pure_numeric_comment
P004793,2-24-215-0757,328,818,,pure_numeric_comment
P004794,2-24-215-0758,328,819,,pure_numeric_comment
P004795,2-24-215-0759,328,820,,pure_numeric_comment
P004796,2-24-216-0760,328,821,,pure_numeric_comment
P004797,2-24-216-0761,328,822,,pure_numeric_comment
P004800,2-24-216-0764,328,825,,pure_numeric_comment
P004801,2-24-217-0765,328,826,,pure_numeric_comment
P004802,2-24-217-0766,328,827,,pure_numeric_comment
P004803,2-24-218-0767,328,828,,pure_numeric_comment
P004804,2-24-219-0768,328,829,,pure_numeric_comment
P004805,2-24-219-0769,328,830,,pure_numeric_comment
P004806,2-24-220-0770,328,831,,pure_numeric_comment
P004808,2-24-221-0772,329,833,,pure_numeric_comment
P004809,2-24-221-0773,329,834,,pure_numeric_comment
P004810,2-24-221-0774,329,835,,pure_numeric_comment
P004811,2-24-221-0775,329,836,,pure_numeric_comment
P004813,2-24-222-0777,329,838,,pure_numeric_comment
P004814,2-24-222-0778,329,839,,pure_numeric_comment
P004815,2-24-222-0779,329,842,,pure_numeric_comment
P004816,2-24-223-0780,329,843,,pure_numeric_comment
P004817,2-24-223-0781,329,844,,pure_numeric_comment
P004821,2-24-223-0785,329,848,,pure_numeric_comment
P004822,2-24-224-0786,329,849,,pure_numeric_comment
P004823,2-24-224-0787,329,850,,pure_numeric_comment
P004825,2-24-224-0789,330,852,,pure_numeric_comment
P004826,2-24-225-0790,330,853,,pure_numeric_comment
P004827,2-24-225-0791,330,854,,pure_numeric_comment
P004828,2-24-225-0792,330,855,,pure_numeric_comment
P004829,2-24-226-0793,330,856,,pure_numeric_comment
P004830,2-24-226-0794,330,857,,pure_numeric_comment
P004832,2-24-226-0796,330,859,,pure_numeric_comment
P004833,2-24-227-0797,330,860,,pure_numeric_comment
P004834,2-24-227-0798,330,861,,pure_numeric_comment
P004835,2-24-227-0799,330,862,,pure_numeric_comment
P004836,2-24-228-0800,330,863,,pure_numeric_comment
P004837,2-24-228-0801,330,864,,pure_numeric_comment
P004839,2-24-228-0803,330,866,,pure_numeric_comment
P004840,2-24-228-0804,330,867,,pure_numeric_comment
P004841,2-24-229-0805,330,868,,pure_numeric_comment
P004842,2-24-229-0806,330,869,,pure_numeric_comment
P004843,2-24-229-0807,331,870,,pure_numeric_comment
P004844,2-24-229-0808,331,871,,pure_numeric_comment
P004845,2-24-230-0809,331,872,,pure_numeric_comment
P004846,2-24-230-0810,331,873,,pure_numeric_comment
P004847,2-24-230-0811,331,874,,pure_numeric_comment
P004848,2-24-230-0812,331,876,,pure_numeric_comment
P004849,2-24-230-0813,331,875,,pure_numeric_comment
P004850,2-24-230-0814,331,877,,pure_numeric_comment
P004851,2-24-230-0815,331,878,,pure_numeric_comment
P004852,2-24-230-0816,331,879,,pure_numeric_comment
P004853,2-24-230-0817,331,880,,pure_numeric_comment
P004854,2-24-231-0818,331,881,,pure_numeric_comment
P004855,2-24-231-0819,331,882,,pure_numeric_comment
P004856,2-24-231-0820,331,883,,pure_numeric_comment
P004857,2-24-232-0821,331,884,,pure_numeric_comment
P004860,2-24-233-0824,331,887,,pure_numeric_comment
P004861,2-24-233-0825,332,888,,pure_numeric_comment
P004862,2-24-233-0826,332,889,,pure_numeric_comment
P004863,2-24-234-0827,332,890,,pure_numeric_comment
P004864,2-24-234-0828,332,891,,pure_numeric_comment
P004865,2-24-234-0829,332,892,,pure_numeric_comment
P004866,2-24-234-0830,332,893,,pure_numeric_comment
P004868,2-24-234-0832,332,895,,pure_numeric_comment
P004869,2-24-235-0833,332,896,,pure_numeric_comment
P004870,2-24-235-0834,332,897,,pure_numeric_comment
P004871,2-24-236-0835,332,898,,pure_numeric_comment
P004872,2-24-236-0836,332,899,,pure_numeric_comment
P004873,2-24-236-0837,332,1,,pure_numeric_comment
P004874,2-24-236-0838,332,901,,pure_numeric_comment
P004875,2-24-236-0839,332,2,,pure_numeric_comment
P004876,2-24-237-0840,332,903,,pure_numeric_comment
P004877,2-24-237-0841,332,3,,pure_numeric_comment
P004878,2-24-237-0842,333,905,,pure_numeric_comment
P004879,2-24-237-0843,333,906,,pure_numeric_comment
P004880,2-24-238-0844,333,909,,pure_numeric_comment
P004882,2-24-238-0846,333,911,,pure_numeric_comment
P004883,2-24-238-0847,333,912,,pure_numeric_comment
P004884,2-24-239-0848,333,913,,pure_numeric_comment
P004885,2-24-239-0849,333,914,,pure_numeric_comment
P004887,2-24-240-0851,333,916,,pure_numeric_comment
P004888,2-24-241-0852,333,917,,pure_numeric_comment
P004889,2-24-241-0853,333,918,,pure_numeric_comment
P004890,2-24-241-0854,333,919,,pure_numeric_comment
P004891,2-24-241-0855,333,920,,pure_numeric_comment
P004892,2-24-241-0856,333,921,,pure_numeric_comment
P004893,2-24-241-0857,333,922,,pure_numeric_comment
P004894,2-24-241-0858,333,923,,pure_numeric_comment
P004895,2-24-242-0859,333,924,,pure_numeric_comment
P004896,2-24-242-0860,334,925,,pure_numeric_comment
P004897,2-24-243-0861,334,926,,pure_numeric_comment
P004898,2-24-243-0862,334,927,,pure_numeric_comment
P004900,2-24-244-0864,334,929,,pure_numeric_comment
P004901,2-24-244-0865,334,930,,pure_numeric_comment
P004902,2-24-244-0866,334,931,,pure_numeric_comment
P004903,2-24-245-0867,334,932,,pure_numeric_comment
P004904,2-24-245-0868,334,933,,pure_numeric_comment
P004905,2-24-245-0869,334,934,,pure_numeric_comment
P004906,2-24-245-0870,334,935,,pure_numeric_comment
P004907,2-24-245-0871,334,936,,pure_numeric_comment
P004908,2-24-245-0872,334,937,,pure_numeric_comment
P004909,2-24-245-0873,334,938,,pure_numeric_comment
P004910,2-24-245-0874,334,939,,pure_numeric_comment
P004911,2-24-246-0875,334,940,,pure_numeric_comment
P004912,2-24-246-0876,334,941,,pure_numeric_comment
P004913,2-24-247-0877,334,942,,pure_numeric_comment
P004914,2-24-247-0878,334,943,,pure_numeric_comment
P004918,2-24-248-0882,335,947,,pure_numeric_comment
P004919,2-24-248-0883,335,948,,pure_numeric_comment
P004920,2-24-248-0884,335,949,,pure_numeric_comment
P004921,2-24-249-0885,335,950,,pure_numeric_comment
P004922,2-24-249-0886,335,951,,pure_numeric_comment
P004926,2-24-250-0890,335,955,,pure_numeric_comment
P004927,2-24-250-0891,335,956,,pure_numeric_comment
P004930,2-24-252-0894,335,959,,pure_numeric_comment
P004931,2-24-252-0895,335,960,,pure_numeric_comment
P004932,2-24-252-0896,335,961,,pure_numeric_comment
P004933,2-24-252-0897,335,962,,pure_numeric_comment
P004934,2-24-252-0898,335,963,,pure_numeric_comment
P004935,2-24-252-0899,336,1,,pure_numeric_comment
P004936,2-24-252-0900,336,965,,pure_numeric_comment
P004937,2-24-253-0901,336,966,,pure_numeric_comment
P004938,2-24-253-0902,336,967,,pure_numeric_comment
P004939,2-24-254-0903,336,968,,pure_numeric_comment
P004940,2-24-254-0904,336,969,,pure_numeric_comment
P004941,2-24-254-0905,336,974,,pure_numeric_comment
P004942,2-24-254-0906,336,971,,pure_numeric_comment
P004943,2-24-254-0907,336,970,,pure_numeric_comment
P004944,2-24-254-0908,336,972,,pure_numeric_comment
P004945,2-24-254-0909,336,973,,pure_numeric_comment
P004948,2-24-255-0912,336,977,,pure_numeric_comment
P004949,2-24-255-0913,336,978,,pure_numeric_comment
P004950,2-24-256-0914,336,979,,pure_numeric_comment
P004951,2-24-256-0915,336,980,,pure_numeric_comment
P004952,2-24-256-0916,336,981,,pure_numeric_comment
P004953,2-24-256-0917,337,982,,pure_numeric_comment
P004954,2-24-256-0918,337,983,,pure_numeric_comment
P004955,2-24-256-0919,337,984,,pure_numeric_comment
P004956,2-24-257-0920,337,985,,pure_numeric_comment
P004957,2-24-257-0921,337,986,,pure_numeric_comment
P004961,2-24-257-0925,337,990,,pure_numeric_comment
P004962,2-24-257-0926,337,991,,pure_numeric_comment
P004963,2-24-257-0927,337,992,,pure_numeric_comment
P004965,2-24-258-0929,337,994,,pure_numeric_comment
P004966,2-24-258-0930,337,996,,pure_numeric_comment
P004967,2-24-258-0931,337,997,,pure_numeric_comment
P004968,2-24-258-0932,337,999,,pure_numeric_comment
P004969,2-24-258-0933,338,1,,pure_numeric_comment
P004970,2-24-259-0934,338,2,,pure_numeric_comment
P004971,2-24-259-0935,338,1001,,pure_numeric_comment
P004972,2-24-259-0936,338,1002,,pure_numeric_comment
P004973,2-24-259-0937,338,1003,,pure_numeric_comment
P004974,2-24-260-0938,338,1004,,pure_numeric_comment
P004975,2-24-260-0939,338,1005,,pure_numeric_comment
P004976,2-24-260-0940,338,1006,,pure_numeric_comment
P004977,2-24-260-0941,338,1007,,pure_numeric_comment
P004978,2-24-260-0942,338,1008,,pure_numeric_comment
P004979,2-24-261-0943,338,1009,,pure_numeric_comment
P004980,2-24-261-0944,338,1010,,pure_numeric_comment
P004982,2-24-261-0946,338,1012,,pure_numeric_comment
P004984,2-24-262-0948,338,1014,,pure_numeric_comment
P004985,2-24-263-0949,338,1015,,pure_numeric_comment
P004986,2-24-263-0950,338,1016,,pure_numeric_comment
P004987,2-24-263-0951,339,1017,,pure_numeric_comment
P004988,2-24-264-0952,339,1018,,pure_numeric_comment
P004989,2-24-264-0953,339,1019,,pure_numeric_comment
P004990,2-24-265-0954,339,1020,,pure_numeric_comment
P004991,2-24-265-0955,339,1021,,pure_numeric_comment
P004992,2-24-265-0956,339,1022,,pure_numeric_comment
P004993,2-24-265-0957,339,1023,,pure_numeric_comment
P004994,2-24-266-0958,339,1024,,pure_numeric_comment
P004995,2-24-266-0959,339,1025,,pure_numeric_comment
P004996,2-24-266-0960,339,1026,,pure_numeric_comment
P004997,2-24-267-0961,339,1027,,pure_numeric_comment
P004998,2-24-267-0962,339,1028,,pure_numeric_comment
P004999,2-24-267-0963,339,1029,,pure_numeric_comment
P005000,2-24-267-0964,339,1030,,pure_numeric_comment
P005001,2-24-268-0965,339,1031,,pure_numeric_comment
P005002,2-24-268-0966,339,1032,,pure_numeric_comment
P005003,2-24-269-0967,339,1033,,pure_numeric_comment
P005004,2-24-270-0968,339,1034,,pure_numeric_comment
P005005,2-24-270-0969,340,1035,,pure_numeric_comment
P005006,2-24-271-0970,340,1036,,pure_numeric_comment
P005007,2-24-271-0971,340,1037,,pure_numeric_comment
P005008,2-24-272-0972,340,1038,,pure_numeric_comment
P005009,2-24-272-0973,340,1039,,pure_numeric_comment
P005010,2-24-273-0974,340,1040,,pure_numeric_comment
P005011,2-24-273-0975,340,1041,,pure_numeric_comment
P005012,2-24-274-0976,340,1042,,pure_numeric_comment
P005013,2-24-274-0977,340,1043,,pure_numeric_comment
P005014,2-24-274-0978,340,1045,,pure_numeric_comment
P005015,2-24-274-0979,340,1046,,pure_numeric_comment
P005016,2-24-275-0980,340,1047,,pure_numeric_comment
P005017,2-24-275-0981,340,1048,,pure_numeric_comment
P005018,2-24-276-0982,340,1052,,pure_numeric_comment
P005019,2-24-276-0983,340,1053,,pure_numeric_comment
P005022,2-24-277-0986,340,1056,,pure_numeric_comment
P005023,2-24-277-0987,340,1053,,pure_numeric_comment
P005024,2-24-277-0988,341,1058,,pure_numeric_comment
P005025,2-24-277-0989,341,1059,,pure_numeric_comment
P005026,2-24-277-0990,341,1060,,pure_numeric_comment
P005027,2-24-277-0991,341,1061,,pure_numeric_comment
P005028,2-24-277-0992,341,1062,,pure_numeric_comment
P005029,2-24-277-0993,341,1063,,pure_numeric_comment
P005030,2-24-278-0994,341,1064,,pure_numeric_comment
P005031,2-24-279-0995,341,1065,,pure_numeric_comment
P005032,2-24-279-0996,341,10662,,pure_numeric_comment
P005033,2-24-280-0997,341,1068,,pure_numeric_comment
P005034,2-24-280-0998,341,1069,,pure_numeric_comment
P005035,2-24-280-0999,341,1071,,pure_numeric_comment
P005036,2-24-281-1000,341,1072,,pure_numeric_comment
P005037,2-24-281-1001,341,1073,,pure_numeric_comment
P005038,2-24-281-1002,341,1074,,pure_numeric_comment
P005039,2-24-281-1003,341,1075,,pure_numeric_comment
P005040,2-24-281-1004,341,1076,,pure_numeric_comment
P005041,2-24-282-1005,342,1077,,pure_numeric_comment
P005042,2-24-282-1006,342,1078,,pure_numeric_comment
P005043,2-24-282-1007,342,1079,,pure_numeric_comment
P005044,2-24-283-1008,342,1080,,pure_numeric_comment
P005045,2-24-283-1009,342,1081,,pure_numeric_comment
P005046,2-24-283-1010,342,1082,,pure_numeric_comment
P005047,2-24-283-1011,342,1084,,pure_numeric_comment
P005048,2-24-283-1012,342,1085,,pure_numeric_comment
P005049,2-24-284-1013,342,1086,,pure_numeric_comment
P005050,2-24-284-1014,342,1087,,pure_numeric_comment
P005052,2-24-285-1016,342,1089,,pure_numeric_comment
P005053,2-24-285-1017,342,1090,,pure_numeric_comment
P005054,2-24-286-1018,342,1093,,pure_numeric_comment
P005055,2-24-286-1019,342,1094,,pure_numeric_comment
P005056,2-24-286-1020,342,1095,,pure_numeric_comment
P005057,2-24-286-1021,342,1,,pure_numeric_comment
P005058,2-24-286-1022,342,2,,pure_numeric_comment
P005059,2-24-286-1023,343,1099,,pure_numeric_comment
P005060,2-24-287-1024,343,1100,,pure_numeric_comment
P005061,2-24-287-1025,343,1111,,pure_numeric_comment
P005062,2-24-287-1026,343,1112,,pure_numeric_comment
P005063,2-24-288-1027,343,1113,,pure_numeric_comment
P005064,2-24-288-1028,343,1114,,pure_numeric_comment
P005065,2-24-289-1029,343,1115,,pure_numeric_comment
P005066,2-24-289-1030,343,1116,,pure_numeric_comment
P005073,2-24-290-1037,343,1123,,pure_numeric_comment
P005074,2-24-291-1038,343,1124,,pure_numeric_comment
P005075,2-24-291-1039,343,1125,,pure_numeric_comment
P005077,2-24-292-1041,344,1127,,pure_numeric_comment
P005078,2-24-293-1042,344,1128,,pure_numeric_comment
P005079,2-24-293-1043,344,1129,,pure_numeric_comment
P005081,2-24-293-1045,344,1131,,pure_numeric_comment
P005082,2-24-293-1046,344,1132,,pure_numeric_comment
P005083,2-24-294-1047,344,1133,,pure_numeric_comment
P005084,2-24-295-1048,344,1134,,pure_numeric_comment
P005085,2-24-295-1049,344,1135,,pure_numeric_comment
P005086,2-24-295-1050,344,1136,,pure_numeric_comment
P005088,2-24-296-1052,344,1138,,pure_numeric_comment
P005089,2-24-296-1053,344,1139,,pure_numeric_comment
P005090,2-24-296-1054,344,1141,,pure_numeric_comment
P005091,2-24-296-1055,344,1142,,pure_numeric_comment
P005092,2-24-296-1056,345,1143,,pure_numeric_comment
P005093,2-24-297-1057,345,1144,,pure_numeric_comment
P005094,2-24-297-1058,345,1145,,pure_numeric_comment
P005095,2-24-297-1059,345,1146,,pure_numeric_comment
P005097,2-24-298-1061,345,1151,,pure_numeric_comment
P005098,2-24-298-1062,345,1152,,pure_numeric_comment
P005099,2-24-298-1063,345,1153,,pure_numeric_comment
P005100,2-24-299-1064,345,1154,,pure_numeric_comment
P005103,2-24-301-1067,345,2,,pure_numeric_comment
P005105,2-24-301-1069,345,1160,,pure_numeric_comment
P005106,2-24-301-1070,345,1161,,pure_numeric_comment
P005108,2-24-301-1072,345,1159,,pure_numeric_comment
P005109,2-24-302-1073,346,1163,,pure_numeric_comment
P005110,2-24-302-1074,346,1164,,pure_numeric_comment
P005111,2-24-302-1075,346,1165,,pure_numeric_comment
P005112,2-24-303-1076,346,1166,,pure_numeric_comment
P005113,2-24-303-1077,346,1167,,pure_numeric_comment
P005114,2-24-303-1078,346,1169,,pure_numeric_comment
P005115,2-24-303-1079,346,1170,,pure_numeric_comment
P005116,2-24-304-1080,346,1171,,pure_numeric_comment
P005117,2-24-304-1081,346,1172,,pure_numeric_comment
P005118,2-24-304-1082,346,1173,,pure_numeric_comment
P005119,2-24-304-1083,346,1174,,pure_numeric_comment
P005120,2-24-304-1084,346,1175,,pure_numeric_comment
P005121,2-24-304-1085,346,1176,,pure_numeric_comment
P005122,2-24-305-1086,346,1177,,pure_numeric_comment
P005123,2-24-305-1087,346,1178,,pure_numeric_comment
P005124,2-24-305-1088,346,3,,pure_numeric_comment
P005125,2-24-305-1089,346,1183,,pure_numeric_comment
P005126,2-24-306-1090,346,1184,,pure_numeric_comment
P005127,2-24-306-1091,347,1185,,pure_numeric_comment
P005128,2-24-306-1092,347,1186,,pure_numeric_comment
P005130,2-24-307-1094,347,1188,,pure_numeric_comment
P005131,2-24-307-1095,347,1189,,pure_numeric_comment
P005132,2-24-308-1096,347,1190,,pure_numeric_comment
P005133,2-24-309-1097,347,1191,,pure_numeric_comment
P005134,2-24-309-1098,347,1192,,pure_numeric_comment
P005135,2-24-309-1099,347,1193,,pure_numeric_comment
P005136,2-24-309-1100,347,1194,,pure_numeric_comment
P005137,2-24-310-1101,347,1195,,pure_numeric_comment
P005138,2-24-310-1102,347,1196,,pure_numeric_comment
P005139,2-24-311-1103,347,1198,,pure_numeric_comment
P005140,2-24-311-1104,347,1199,,pure_numeric_comment
P005142,2-24-312-1106,347,1201,,pure_numeric_comment
P005143,2-24-312-1107,347,1202,,pure_numeric_comment
P005144,2-24-312-1108,347,1204,,pure_numeric_comment
P005145,2-24-312-1109,348,1205,,pure_numeric_comment
P005146,2-24-313-1110,348,1206,,pure_numeric_comment
P005147,2-24-313-1111,348,1207,,pure_numeric_comment
P005148,2-24-313-1112,348,1208,,pure_numeric_comment
P005149,2-24-314-1113,348,1209,,pure_numeric_comment
P005150,2-24-314-1114,348,1210,,pure_numeric_comment
P005151,2-24-314-1115,348,1211,,pure_numeric_comment
P005152,2-24-315-1116,348,1212,,pure_numeric_comment
P005153,2-24-315-1117,348,1213,,pure_numeric_comment
P005154,2-24-315-1118,348,1214,,pure_numeric_comment
P005155,2-24-316-1119,348,1215,,pure_numeric_comment
P005156,2-24-316-1120,348,1216,,pure_numeric_comment
P005158,2-24-317-1122,348,1218,,pure_numeric_comment
P005160,2-24-318-1124,348,1220,,pure_numeric_comment
P005161,2-24-318-1125,348,1221,,pure_numeric_comment
P005162,2-24-319-1126,348,1222,,pure_numeric_comment
P005163,2-24-319-1127,348,1225,,pure_numeric_comment
P005164,2-24-319-1128,348,1223,,pure_numeric_comment
P005166,2-24-319-1130,349,1226,,pure_numeric_comment
P005167,2-24-320-1131,349,1227,,pure_numeric_comment
P005168,2-24-320-1132,349,1228,,pure_numeric_comment
P005169,2-24-321-1133,349,1229,,pure_numeric_comment
P005170,2-24-321-1134,349,1230,,pure_numeric_comment
P005171,2-24-321-1135,349,1231,,pure_numeric_comment
P005172,2-24-322-1136,349,1232,,pure_numeric_comment
P005173,2-24-322-1137,349,1233,,pure_numeric_comment
P005174,2-24-323-1138,349,1234,,pure_numeric_comment
P005175,2-24-324-1139,349,1235,,pure_numeric_comment
P005176,2-24-324-1140,349,1236,,pure_numeric_comment
P005177,2-24-324-1141,349,1237,,pure_numeric_comment
P005178,2-24-325-1142,349,1238,,pure_numeric_comment
P005180,2-24-325-1144,349,1240,,pure_numeric_comment
P005181,2-24-325-1145,349,1241,,pure_numeric_comment
P005182,2-24-326-1146,349,1242,,pure_numeric_comment
P005183,2-24-326-1147,350,1243,,pure_numeric_comment
P005184,2-24-326-1148,350,1244,,pure_numeric_comment
P005185,2-24-326-1149,350,1245,,pure_numeric_comment
P005186,2-24-326-1150,350,1248,,pure_numeric_comment
P005187,2-24-326-1151,350,1249,,pure_numeric_comment
P005188,2-24-327-1152,350,1250,,pure_numeric_comment
P005189,2-24-327-1153,350,1251,,pure_numeric_comment
P005190,2-24-328-1154,350,1255,,pure_numeric_comment
P005191,2-24-328-1155,350,1256,,pure_numeric_comment
P005192,2-24-328-1156,350,1257,,pure_numeric_comment
P005193,2-24-328-1157,350,1258,,pure_numeric_comment
P005194,2-24-328-1158,350,1259,,pure_numeric_comment
P005195,2-24-328-1159,350,1260,,pure_numeric_comment
P005196,2-24-328-1160,350,1261,,pure_numeric_comment
P005197,2-24-328-1161,350,1262,,pure_numeric_comment
P005198,2-24-328-1162,350,1263,,pure_numeric_comment
P005199,2-24-328-1163,351,1264,,pure_numeric_comment
P005200,2-24-328-1164,351,1265,,pure_numeric_comment
P005201,2-24-329-1165,351,1267,,pure_numeric_comment
P005202,2-24-329-1166,351,1268,,pure_numeric_comment
P005203,2-24-330-1167,351,1269,,pure_numeric_comment
P005204,2-24-330-1168,351,1270,,pure_numeric_comment
P005205,2-24-330-1169,351,1271,,pure_numeric_comment
P005206,2-24-330-1170,351,1,,pure_numeric_comment
P005207,2-24-330-1171,351,1273,,pure_numeric_comment
P005208,2-24-330-1172,351,1274,,pure_numeric_comment
P005209,2-24-331-1173,351,1275,,pure_numeric_comment
P005210,2-24-331-1174,351,1276,,pure_numeric_comment
P005212,2-24-331-1176,351,1278,,pure_numeric_comment
P005213,2-24-331-1177,351,1277,,pure_numeric_comment
P005214,2-24-331-1178,352,1280,,pure_numeric_comment
P005215,2-24-331-1179,352,1281,,pure_numeric_comment
P005216,2-24-332-1180,352,1282,,pure_numeric_comment
P005217,2-24-332-1181,352,1283,,pure_numeric_comment
P005218,2-24-332-1182,352,1284,,pure_numeric_comment
P005219,2-24-333-1183,352,1285,,pure_numeric_comment
P005220,2-24-333-1184,352,1286,,pure_numeric_comment
P005221,2-24-333-1185,352,1287,,pure_numeric_comment
P005222,2-24-334-1186,352,1288,,pure_numeric_comment
P005223,2-24-334-1187,352,1289,,pure_numeric_comment
P005224,2-24-334-1188,352,1290,,pure_numeric_comment
P005225,2-24-334-1189,352,1291,,pure_numeric_comment
P005226,2-24-335-1190,352,1292,,pure_numeric_comment
P005227,2-24-335-1191,352,1293,,pure_numeric_comment
P005231,2-24-336-1195,353,1297,,pure_numeric_comment
P005232,2-24-336-1196,353,1298,,pure_numeric_comment
P005233,2-24-336-1197,353,1300,,pure_numeric_comment
P005234,2-24-336-1198,353,1301,,pure_numeric_comment
P005235,2-24-336-1199,353,1302,,pure_numeric_comment
P005238,2-24-337-1202,353,1305,,pure_numeric_comment
P005239,2-24-337-1203,353,1306,,pure_numeric_comment
P005240,2-24-337-1204,353,1308,,pure_numeric_comment
P005241,2-24-337-1205,353,1309,,pure_numeric_comment
P005242,2-24-337-1206,353,1310,,pure_numeric_comment
P005243,2-24-337-1207,353,1311,,pure_numeric_comment
P005244,2-24-338-1208,353,1312,,pure_numeric_comment
P005245,2-24-338-1209,353,1313,,pure_numeric_comment
P005246,2-24-338-1210,353,2,,pure_numeric_comment
P005247,2-24-338-1211,353,1315,,pure_numeric_comment
P005248,2-24-339-1212,353,1316,,pure_numeric_comment
P005249,2-24-339-1213,354,1317,,pure_numeric_comment
P005250,2-24-339-1214,354,1318,,pure_numeric_comment
P005251,2-24-340-1215,354,1319,,pure_numeric_comment
P005252,2-24-340-1216,354,1320,,pure_numeric_comment
P005253,2-24-341-1217,354,1321,,pure_numeric_comment
P005254,2-24-342-1218,354,1322,,pure_numeric_comment
P005255,2-24-342-1219,354,1323,,pure_numeric_comment
P005259,2-24-343-1223,354,1327,,pure_numeric_comment
P005260,2-24-343-1224,354,1328,,pure_numeric_comment
P005261,2-24-344-1225,354,1329,,pure_numeric_comment
P005262,2-24-344-1226,354,1330,,pure_numeric_comment
P005263,2-24-345-1227,354,1331,,pure_numeric_comment
P005264,2-24-345-1228,354,1332,,pure_numeric_comment
P005265,2-24-345-1229,354,1333,,pure_numeric_comment
P005266,2-24-345-1230,354,1337,,pure_numeric_comment
P005267,2-24-345-1231,355,1338,,pure_numeric_comment
P005268,2-24-346-1232,355,1339,,pure_numeric_comment
P005269,2-24-346-1233,355,1340,,pure_numeric_comment
P005270,2-24-347-1234,355,1341,,pure_numeric_comment
P005271,2-24-347-1235,355,1342,,pure_numeric_comment
P005272,2-24-347-1236,355,1343,,pure_numeric_comment
P005273,2-24-348-1237,355,1344,,pure_numeric_comment
P005274,2-24-348-1238,355,1345,,pure_numeric_comment
P005278,2-24-371-1242,355,1349,,pure_numeric_comment
P005279,2-24-371-1243,355,1350,,pure_numeric_comment
P005280,2-24-371-1244,355,1352,,pure_numeric_comment
P005282,2-24-377-1246,355,1354,,pure_numeric_comment
P005283,2-24-377-1247,355,1355,,pure_numeric_comment
P005284,2-24-377-1248,355,1,,pure_numeric_comment
P005285,2-24-377-1249,356,1357,,pure_numeric_comment
P005286,2-24-378-1250,356,1358,,pure_numeric_comment
P005287,2-24-378-1251,356,1359,,pure_numeric_comment
P005289,2-24-378-1253,356,2,,pure_numeric_comment
P005290,2-24-378-1254,356,1363,,pure_numeric_comment
P005292,2-24-378-1256,356,1366,,pure_numeric_comment
P005293,2-24-379-1257,356,1367,,pure_numeric_comment
P005294,2-24-379-1258,356,1368,,pure_numeric_comment
P005295,2-24-381-1259,356,4,,pure_numeric_comment
P005296,2-24-381-1260,356,1370,,pure_numeric_comment
P005297,2-24-383-1261,356,1371,,pure_numeric_comment
P005298,2-24-383-1262,356,1372,,pure_numeric_comment
P005299,2-24-387-1263,356,1375,,pure_numeric_comment
P005302,2-24-387-1266,357,1378,,pure_numeric_comment
P005384,2-25-044-0082,361,371,,pure_numeric_comment
P005421,2-25-061-0119,363,372,,pure_numeric_comment
P005422,2-25-061-0120,363,373,,pure_numeric_comment
P005439,2-25-074-0137,364,7,,pure_numeric_comment
P005455,2-25-103-0153,365,376,,pure_numeric_comment
P005456,2-25-103-0154,365,377,,pure_numeric_comment
P005457,2-25-103-0155,365,4,,pure_numeric_comment
P005586,2-26-001-0001,372,2,,pure_numeric_comment
P005587,2-26-001-0002,372,3,,pure_numeric_comment
P005588,2-26-001-0003,372,4,,pure_numeric_comment
P005589,2-26-002-0004,372,5,,pure_numeric_comment
P005590,2-26-002-0005,372,6,,pure_numeric_comment
P005592,2-26-002-0007,372,8,,pure_numeric_comment
P005593,2-26-002-0008,372,9,,pure_numeric_comment
P005594,2-26-002-0009,372,10,,pure_numeric_comment
P005595,2-26-003-0010,372,11,,pure_numeric_comment
P005596,2-26-003-0011,373,12,,pure_numeric_comment
P005597,2-26-003-0012,373,13,,pure_numeric_comment
P005599,2-26-004-0014,373,15,,pure_numeric_comment
P005600,2-26-004-0015,373,16,,pure_numeric_comment
P005601,2-26-005-0016,373,17,,pure_numeric_comment
P005602,2-26-005-0017,373,18,,pure_numeric_comment
P005606,2-26-006-0021,373,22,,pure_numeric_comment
P005607,2-26-006-0022,373,23,,pure_numeric_comment
P005610,2-26-007-0025,373,26,,pure_numeric_comment
P005611,2-26-008-0026,373,27,,pure_numeric_comment
P005612,2-26-008-0027,373,28,,pure_numeric_comment
P005613,2-26-009-0028,374,29,,pure_numeric_comment
P005614,2-26-009-0029,374,30,,pure_numeric_comment
P005615,2-26-010-0030,374,31,,pure_numeric_comment
P005616,2-26-010-0031,374,32,,pure_numeric_comment
P005617,2-26-010-0032,374,1,,pure_numeric_comment
P005618,2-26-011-0033,374,34,,pure_numeric_comment
P005620,2-26-012-0035,374,4,,pure_numeric_comment
P005621,2-26-013-0036,374,5,,pure_numeric_comment
P005622,2-26-013-0037,374,6,,pure_numeric_comment
P005623,2-26-013-0038,374,40,,pure_numeric_comment
P005624,2-26-013-0039,374,41,,pure_numeric_comment
P005625,2-26-014-0040,374,42,,pure_numeric_comment
P005626,2-26-014-0041,374,43,,pure_numeric_comment
P005628,2-26-014-0043,374,8,,pure_numeric_comment
P005629,2-26-014-0044,375,1,,pure_numeric_comment
P005630,2-26-014-0045,375,47,,pure_numeric_comment
P005631,2-26-014-0046,375,48,,pure_numeric_comment
P005632,2-26-015-0047,375,49,,pure_numeric_comment
P005633,2-26-015-0048,375,50,,pure_numeric_comment
P005634,2-26-015-0049,375,51,,pure_numeric_comment
P005638,2-26-016-0053,375,55,,pure_numeric_comment
P005639,2-26-016-0054,375,56,,pure_numeric_comment
P005642,2-26-017-0057,375,59,,pure_numeric_comment
P005643,2-26-017-0058,375,60,,pure_numeric_comment
P005644,2-26-017-0059,375,61,,pure_numeric_comment
P005645,2-26-017-0060,375,62,,pure_numeric_comment
P005646,2-26-017-0061,376,63,,pure_numeric_comment
P005647,2-26-017-0062,376,64,,pure_numeric_comment
P005648,2-26-019-0063,376,65,,pure_numeric_comment
P005649,2-26-019-0064,376,66,,pure_numeric_comment
P005650,2-26-019-0065,376,70,,pure_numeric_comment
P005651,2-26-019-0066,376,71,,pure_numeric_comment
P005652,2-26-020-0067,376,72,,pure_numeric_comment
P005653,2-26-020-0068,376,73,,pure_numeric_comment
P005654,2-26-021-0069,376,74,,pure_numeric_comment
P005655,2-26-021-0070,376,75,,pure_numeric_comment
P005657,2-26-021-0072,376,4,,pure_numeric_comment
P005658,2-26-022-0073,376,78,,pure_numeric_comment
P005659,2-26-022-0074,376,79,,pure_numeric_comment
P005661,2-26-023-0076,376,81,,pure_numeric_comment
P005662,2-26-023-0077,377,82,,pure_numeric_comment
P005664,2-26-024-0079,377,84,,pure_numeric_comment
P005668,2-26-025-0083,377,88,,pure_numeric_comment
P005669,2-26-026-0084,377,89,,pure_numeric_comment
P005670,2-26-026-0085,377,90,,pure_numeric_comment
P005671,2-26-027-0086,377,95,,pure_numeric_comment
P005672,2-26-027-0087,377,96,,pure_numeric_comment
P005676,2-26-028-0091,377,103,,pure_numeric_comment
P005678,2-26-028-0093,378,105,,pure_numeric_comment
P005679,2-26-029-0094,378,106,,pure_numeric_comment
P005680,2-26-030-0095,378,107,,pure_numeric_comment
P005681,2-26-030-0096,378,108,,pure_numeric_comment
P005684,2-26-031-0099,378,111,,pure_numeric_comment
P005685,2-26-031-0100,378,112,,pure_numeric_comment
P005686,2-26-031-0101,378,113,,pure_numeric_comment
P005688,2-26-031-0103,378,115,,pure_numeric_comment
P005689,2-26-031-0104,378,116,,pure_numeric_comment
P005690,2-26-032-0105,378,117,,pure_numeric_comment
P005691,2-26-032-0106,378,118,,pure_numeric_comment
P005692,2-26-033-0107,378,119,,pure_numeric_comment
P005693,2-26-033-0108,378,120,,pure_numeric_comment
P005694,2-26-033-0109,378,121,,pure_numeric_comment
P005695,2-26-033-0110,378,122,,pure_numeric_comment
P005696,2-26-033-0111,379,123,,pure_numeric_comment
P005697,2-26-033-0112,379,124,,pure_numeric_comment
P005699,2-26-033-0114,379,126,,pure_numeric_comment
P005700,2-26-033-0115,379,1,,pure_numeric_comment
P005702,2-26-033-0117,379,1293,,pure_numeric_comment
P005703,2-26-034-0118,379,130,,pure_numeric_comment
P005704,2-26-035-0119,379,131,,pure_numeric_comment
P005705,2-26-035-0120,379,132,,pure_numeric_comment
P005706,2-26-035-0121,379,133,,pure_numeric_comment
P005707,2-26-035-0122,379,134,,pure_numeric_comment
P005708,2-26-036-0123,379,135,,pure_numeric_comment
P005709,2-26-036-0124,379,136,,pure_numeric_comment
P005710,2-26-036-0125,379,137,,pure_numeric_comment
P005711,2-26-036-0126,379,4,,pure_numeric_comment
P005712,2-26-037-0127,379,5,,pure_numeric_comment
P005713,2-26-037-0128,380,1,,pure_numeric_comment
P005714,2-26-038-0129,380,2,,pure_numeric_comment
P005715,2-26-038-0130,380,3,,pure_numeric_comment
P005716,2-26-038-0131,380,143,,pure_numeric_comment
P005717,2-26-038-0132,380,144,,pure_numeric_comment
P005718,2-26-038-0133,380,4,,pure_numeric_comment
P005719,2-26-038-0134,380,5,,pure_numeric_comment
P005720,2-26-039-0135,380,147,,pure_numeric_comment
P005721,2-26-039-0136,380,148,,pure_numeric_comment
P005722,2-26-040-0137,380,149,,pure_numeric_comment
P005723,2-26-040-0138,380,150,,pure_numeric_comment
P005724,2-26-040-0139,380,151,,pure_numeric_comment
P005727,2-26-042-0142,380,154,,pure_numeric_comment
P005728,2-26-042-0143,381,155,,pure_numeric_comment
P005729,2-26-042-0144,381,156,,pure_numeric_comment
P005730,2-26-043-0145,381,157,,pure_numeric_comment
P005731,2-26-043-0146,381,158,,pure_numeric_comment
P005732,2-26-043-0147,381,159,,pure_numeric_comment
P005733,2-26-044-0148,381,160,,pure_numeric_comment
P005734,2-26-044-0149,381,161,,pure_numeric_comment
P005735,2-26-045-0150,381,162,,pure_numeric_comment
P005736,2-26-046-0151,381,163,,pure_numeric_comment
P005737,2-26-046-0152,381,164,,pure_numeric_comment
P005738,2-26-046-0153,381,165,,pure_numeric_comment
P005739,2-26-046-0154,381,166,,pure_numeric_comment
P005740,2-26-046-0155,381,167,,pure_numeric_comment
P005741,2-26-047-0156,381,168,,pure_numeric_comment
P005742,2-26-047-0157,381,169,,pure_numeric_comment
P005743,2-26-047-0158,381,170,,pure_numeric_comment
P005744,2-26-047-0159,381,171,,pure_numeric_comment
P005745,2-26-048-0160,382,172,,pure_numeric_comment
P005746,2-26-048-0161,382,173,,pure_numeric_comment
P005747,2-26-049-0162,382,174,,pure_numeric_comment
P005748,2-26-049-0163,382,175,,pure_numeric_comment
P005749,2-26-049-0164,382,176,,pure_numeric_comment
P005752,2-26-050-0167,382,179,,pure_numeric_comment
P005753,2-26-050-0168,382,180,,pure_numeric_comment
P005755,2-26-050-0170,382,182,,pure_numeric_comment
P005756,2-26-051-0171,382,183,,pure_numeric_comment
P005757,2-26-051-0172,382,184,,pure_numeric_comment
P005758,2-26-052-0173,382,185,,pure_numeric_comment
P005759,2-26-052-0174,382,186,,pure_numeric_comment
P005760,2-26-052-0175,382,187,,pure_numeric_comment
P005761,2-26-053-0176,383,188,,pure_numeric_comment
P005762,2-26-000-0177,383,1,,pure_numeric_comment
P005783,2-27-012-0021,384,1,,pure_numeric_comment
P005800,2-27-020-0038,385,4,,pure_numeric_comment
P005820,2-27-030-0058,386,7,,pure_numeric_comment
P005821,2-27-030-0059,386,8,,pure_numeric_comment
P005836,2-27-038-0074,387,311,,pure_numeric_comment
P005849,2-27-045-0087,388,312,,pure_numeric_comment
P005892,2-27-067-0130,390,313,,pure_numeric_comment
P005919,2-27-086-0157,392,314,,pure_numeric_comment
P005934,2-27-091-0172,392,315,,pure_numeric_comment
P005935,2-27-091-0173,392,1,,pure_numeric_comment
P005948,2-27-097-0186,393,317,,pure_numeric_comment
P005958,2-27-101-0196,394,318,,pure_numeric_comment
P005959,2-27-101-0197,394,319,,pure_numeric_comment
P005970,2-27-105-0208,394,320,,pure_numeric_comment
P005973,2-27-106-0211,394,321,,pure_numeric_comment
P005974,2-27-106-0212,395,322,,pure_numeric_comment
P005983,2-27-109-0221,395,323,,pure_numeric_comment
P005984,2-27-109-0222,395,324,,pure_numeric_comment
P005990,2-27-112-0228,395,325,,pure_numeric_comment
P005998,2-27-116-0236,396,326,,pure_numeric_comment
P006036,2-27-139-0274,398,327,,pure_numeric_comment
P006037,2-27-139-0275,398,328,,pure_numeric_comment
P006082,2-27-168-0320,400,9,,pure_numeric_comment
P006083,2-27-168-0321,401,329,,pure_numeric_comment
P006112,2-27-180-0350,402,3,,pure_numeric_comment
P006121,2-27-000-0359,403,305,,pure_numeric_comment
P006122,2-27-000-0360,403,306,,pure_numeric_comment
P006179,3-29-006-0015,415,29,,pure_numeric_comment
P006217,3-29-022-0053,418,28,,pure_numeric_comment
P006218,3-29-022-0054,418,27,,pure_numeric_comment
P006221,3-29-023-0057,418,26,,pure_numeric_comment
P006227,3-29-026-0063,418,25,,pure_numeric_comment
P006233,3-29-029-0069,418,24,,pure_numeric_comment
P006238,3-29-031-0074,419,23,,pure_numeric_comment
P006268,3-29-041-0104,421,22,,pure_numeric_comment
P006269,3-29-041-0105,421,20,,pure_numeric_comment
P006270,3-29-041-0106,421,21,,pure_numeric_comment
P006277,3-29-043-0113,421,19,,pure_numeric_comment
P006278,3-29-043-0114,421,18,,pure_numeric_comment
P006318,3-30-003-0006,424,126,,pure_numeric_comment
P006326,3-30-009-0014,424,125,,pure_numeric_comment
P006336,3-30-016-0024,424,124,,pure_numeric_comment
P006377,3-30-045-0065,427,123,,pure_numeric_comment
P006385,3-31-003-0006,427,91,,pure_numeric_comment
P006390,3-32-003-0005,428,90,,pure_numeric_comment
P006391,3-32-003-0006,428,89,,pure_numeric_comment
P006424,3-33-016-0029,430,4,,pure_numeric_comment
P006433,3-34-004-0008,430,51,,pure_numeric_comment
P006439,3-34-007-0014,431,50,,pure_numeric_comment
P006443,3-34-009-0018,431,49,,pure_numeric_comment
P006444,3-34-009-0019,431,48,,pure_numeric_comment
P006450,3-34-012-0025,431,46,,pure_numeric_comment
P006453,3-34-013-0028,431,45,,pure_numeric_comment
P006457,3-34-015-0032,432,44,,pure_numeric_comment
P006458,3-34-015-0033,432,43,,pure_numeric_comment
P006463,3-34-018-0038,432,42,,pure_numeric_comment
P006466,3-34-019-0041,432,41,,pure_numeric_comment
P006474,3-34-023-0049,433,40,,pure_numeric_comment
P006477,3-34-024-0052,433,38,,pure_numeric_comment
P006478,3-34-024-0053,433,37,,pure_numeric_comment
P006479,3-34-024-0054,433,36,,pure_numeric_comment
P006480,3-34-024-0055,433,39,,pure_numeric_comment
P006483,3-34-025-0058,433,35,,pure_numeric_comment
P006484,3-34-025-0059,433,34,,pure_numeric_comment
P006499,3-35-002-0005,434,3,,pure_numeric_comment
P006500,3-35-002-0006,434,122,,pure_numeric_comment
P006513,3-35-011-0019,435,120,,pure_numeric_comment
P006520,3-35-015-0026,435,119,,pure_numeric_comment
P006528,3-35-021-0034,436,3,,pure_numeric_comment
P006589,3-37-007-0018,439,33,,pure_numeric_comment
P006594,3-37-010-0023,439,30,,pure_numeric_comment
P006595,3-37-010-0024,439,31,,pure_numeric_comment
P006596,3-37-010-0025,439,32,,pure_numeric_comment
P006614,3-39-001-0003,441,87,,pure_numeric_comment
P006618,3-39-003-0007,441,86,,pure_numeric_comment
P006630,3-39-010-0019,441,85,,pure_numeric_comment
P006656,3-40-004-0007,443,80,,pure_numeric_comment
P006665,3-40-010-0016,443,79,,pure_numeric_comment
P006674,3-40-017-0025,444,78,,pure_numeric_comment
P006698,3-41-005-0009,445,16,,pure_numeric_comment
P006705,3-41-008-0016,445,14,,pure_numeric_comment
P006706,3-41-008-0017,445,13,,pure_numeric_comment
P006709,3-41-009-0020,446,12,,pure_numeric_comment
P006710,3-41-009-0021,446,11,,pure_numeric_comment
P006716,3-41-012-0027,446,10,,pure_numeric_comment
P006717,3-41-012-0028,446,9,,pure_numeric_comment
P006718,3-41-012-0029,446,8,,pure_numeric_comment
P006732,3-41-022-0043,447,7,,pure_numeric_comment
P006737,3-41-025-0048,447,6,,pure_numeric_comment
P006743,3-41-028-0054,447,4,,pure_numeric_comment
P006744,3-41-028-0055,447,3,,pure_numeric_comment
P006760,3-41-037-0071,448,1,,pure_numeric_comment
P006774,3-41-044-0085,449,2,,pure_numeric_comment
P006857,3-43-003-0005,453,116,,pure_numeric_comment
P006868,3-43-012-0016,454,115,,pure_numeric_comment
P006891,3-43-031-0039,455,114,,pure_numeric_comment
P006901,3-43-036-0049,456,113,,pure_numeric_comment
P006926,3-43-056-0074,457,112,,pure_numeric_comment
P006979,3-44-013-0017,460,84,,pure_numeric_comment
P007011,3-44-039-0049,462,83,,pure_numeric_comment
P007037,3-44-059-0075,463,3,,pure_numeric_comment
P007041,3-44-061-0079,463,81,,pure_numeric_comment
P007124,3-45-001-0003,468,3,,pure_numeric_comment
P007125,3-45-001-0004,468,4,,pure_numeric_comment
P007134,3-45-007-0013,468,67,,pure_numeric_comment
P007138,3-45-009-0017,468,65,,pure_numeric_comment
P007139,3-45-009-0018,469,66,,pure_numeric_comment
P007144,3-45-011-0023,469,63,,pure_numeric_comment
P007149,3-45-013-0028,469,62,,pure_numeric_comment
P007154,3-45-016-0033,469,61,,pure_numeric_comment
P007158,3-45-018-0037,469,59,,pure_numeric_comment
P007159,3-45-018-0038,470,60,,pure_numeric_comment
P007166,3-45-022-0045,470,68,,pure_numeric_comment
P007179,3-45-030-0058,471,57,,pure_numeric_comment
P007182,3-45-031-0061,471,56,,pure_numeric_comment
P007208,3-45-052-0087,472,3,,pure_numeric_comment
P007209,3-45-052-0088,472,4,,pure_numeric_comment
P007210,3-45-052-0089,472,5,,pure_numeric_comment
P007225,3-46-009-0015,473,77,,pure_numeric_comment
P007247,3-46-026-0037,475,76,,pure_numeric_comment
P007255,3-46-032-0045,475,75,,pure_numeric_comment
P007256,3-46-032-0046,475,74,,pure_numeric_comment
P007261,3-46-036-0051,475,72,,pure_numeric_comment
P007262,3-46-036-0052,475,73,,pure_numeric_comment
P007267,3-46-039-0057,476,71,,pure_numeric_comment
P007268,3-46-039-0058,476,70,,pure_numeric_comment
P007291,3-47-009-0013,477,11,,pure_numeric_comment
P007292,3-47-009-0014,477,96,,pure_numeric_comment
P007298,3-47-012-0020,478,1,,pure_numeric_comment
P007309,3-47-019-0031,478,94,,pure_numeric_comment
P007310,3-47-019-0032,478,93,,pure_numeric_comment
P007331,3-48-002-0005,479,107,,pure_numeric_comment
P007332,3-48-002-0006,480,1,,pure_numeric_comment
P007333,3-48-002-0007,480,105,,pure_numeric_comment
P007347,3-48-012-0021,480,104,,pure_numeric_comment
P007353,3-48-015-0027,481,103,,pure_numeric_comment
P007354,3-48-015-0028,481,101,,pure_numeric_comment
P007355,3-48-015-0029,481,102,,pure_numeric_comment
P007358,3-48-016-0032,481,100,,pure_numeric_comment
P007374,3-48-028-0048,482,99,,pure_numeric_comment
P007389,3-48-038-0063,483,98,,pure_numeric_comment
P007400,3-49-001-0003,483,111,,pure_numeric_comment
P007401,3-49-001-0004,483,110,,pure_numeric_comment
P007404,3-49-002-0007,483,109,,pure_numeric_comment
P007424,3-49-019-0027,484,108,,pure_numeric_comment
